Date,Open,High,Low,Close,Adj Close,Volume
2005-01-04,65000.000000,65700.000000,64500.000000,65100.000000,53303.515625,253800
2005-01-05,64500.000000,66700.000000,64300.000000,66500.000000,54449.824219,290800
2005-01-06,66000.000000,66400.000000,64200.000000,64500.000000,52812.242188,266300
2005-01-07,64700.000000,65700.000000,64300.000000,65000.000000,53221.636719,183000
2005-01-10,65600.000000,66200.000000,64900.000000,65800.000000,53876.675781,187100
2005-01-11,65200.000000,67000.000000,64800.000000,66100.000000,54122.316406,256500
2005-01-12,66200.000000,66800.000000,65700.000000,66500.000000,54449.824219,184400
2005-01-13,67000.000000,67600.000000,65400.000000,67000.000000,54859.230469,274700
2005-01-14,65700.000000,67900.000000,65300.000000,67900.000000,55596.128906,401500
2005-01-17,68100.000000,69200.000000,67500.000000,68900.000000,56414.933594,288500
2005-01-18,69300.000000,69300.000000,67900.000000,68000.000000,55678.023438,278700
2005-01-19,68000.000000,69200.000000,67400.000000,67400.000000,55186.738281,433500
2005-01-20,67000.000000,69000.000000,67000.000000,68400.000000,56005.542969,281400
2005-01-21,68700.000000,69300.000000,68600.000000,69000.000000,56496.824219,339800
2005-01-24,69500.000000,71000.000000,69100.000000,70600.000000,57806.882813,319900
2005-01-25,71000.000000,71100.000000,69400.000000,70000.000000,57315.609375,305200
2005-01-26,69800.000000,71900.000000,69800.000000,71000.000000,58134.414063,269600
2005-01-27,70000.000000,70300.000000,69300.000000,69500.000000,56906.214844,471800
2005-01-28,69200.000000,69500.000000,67900.000000,68200.000000,55841.789063,425700
2005-01-31,68200.000000,70100.000000,68000.000000,70100.000000,57397.476563,411200
2005-02-01,69900.000000,70000.000000,69000.000000,69400.000000,56824.335938,317600
2005-02-02,69000.000000,69900.000000,68300.000000,69000.000000,56496.824219,275500
2005-02-03,69000.000000,69300.000000,68500.000000,68500.000000,56087.406250,280600
2005-02-04,68500.000000,71000.000000,68200.000000,70200.000000,57479.371094,273500
2005-02-07,70500.000000,71700.000000,70500.000000,71000.000000,58134.414063,327400
2005-02-08,71000.000000,71000.000000,71000.000000,71000.000000,58134.414063,0
2005-02-09,71000.000000,71000.000000,71000.000000,71000.000000,58134.414063,0
2005-02-10,71000.000000,71000.000000,71000.000000,71000.000000,58134.414063,0
2005-02-11,71000.000000,71000.000000,69500.000000,70200.000000,57479.371094,283400
2005-02-14,70900.000000,72100.000000,70200.000000,71900.000000,58871.320313,325200
2005-02-15,71900.000000,72600.000000,71500.000000,72600.000000,59444.472656,283400
2005-02-16,72900.000000,73600.000000,72300.000000,73100.000000,59853.878906,327700
2005-02-17,72700.000000,73500.000000,72500.000000,73400.000000,60099.503906,203900
2005-02-18,72000.000000,73800.000000,72000.000000,72900.000000,59690.109375,443800
2005-02-21,72900.000000,73000.000000,69700.000000,69900.000000,57233.742188,1022500
2005-02-22,70000.000000,70200.000000,67500.000000,67900.000000,55596.128906,819500
2005-02-23,66900.000000,68300.000000,66400.000000,66700.000000,54613.582031,647300
2005-02-24,66700.000000,67600.000000,66700.000000,67500.000000,55268.625000,501600
2005-02-25,67500.000000,68800.000000,67400.000000,68100.000000,55759.894531,370700
2005-02-28,68000.000000,68700.000000,67200.000000,67800.000000,55514.261719,416500
2005-03-01,67800.000000,67800.000000,67800.000000,67800.000000,55514.261719,0
2005-03-02,68000.000000,68300.000000,66700.000000,66700.000000,54613.582031,482600
2005-03-03,66700.000000,68900.000000,66700.000000,68400.000000,56005.542969,412400
2005-03-04,68700.000000,68900.000000,67700.000000,68700.000000,56251.167969,320000
2005-03-07,69000.000000,69900.000000,66100.000000,66800.000000,54695.468750,543700
2005-03-08,68100.000000,68600.000000,67100.000000,67700.000000,55432.382813,429200
2005-03-09,68200.000000,70100.000000,67500.000000,70000.000000,57315.609375,835500
2005-03-10,70000.000000,70100.000000,68900.000000,69100.000000,56578.691406,578200
2005-03-11,69000.000000,69800.000000,67600.000000,68000.000000,55678.023438,523400
2005-03-14,67500.000000,67800.000000,66700.000000,67100.000000,54941.105469,553600
2005-03-15,67100.000000,67200.000000,64600.000000,64600.000000,52894.117188,614500
2005-03-16,64000.000000,65200.000000,64000.000000,64100.000000,52484.722656,393200
2005-03-17,64500.000000,66200.000000,64300.000000,65200.000000,53385.394531,557800
2005-03-18,65200.000000,66600.000000,64000.000000,64100.000000,52484.722656,415100
2005-03-21,63800.000000,64400.000000,63000.000000,64000.000000,52402.843750,335500
2005-03-22,64000.000000,64700.000000,63700.000000,63700.000000,52157.207031,221500
2005-03-23,63000.000000,64600.000000,63000.000000,63300.000000,51829.691406,224100
2005-03-24,64300.000000,64500.000000,63200.000000,63200.000000,51747.808594,225600
2005-03-25,63700.000000,64500.000000,63200.000000,64500.000000,52812.242188,144300
2005-03-28,64800.000000,66100.000000,64800.000000,65400.000000,53549.156250,295500
2005-03-29,65700.000000,66000.000000,64500.000000,65000.000000,53221.636719,255400
2005-03-30,64300.000000,65900.000000,64200.000000,65900.000000,53958.546875,168500
2005-03-31,66600.000000,66600.000000,65300.000000,66200.000000,54204.191406,183300
2005-04-01,66000.000000,67100.000000,65600.000000,66900.000000,54777.347656,312000
2005-04-04,67400.000000,67400.000000,65600.000000,66300.000000,54286.066406,202500
2005-04-05,66300.000000,66300.000000,66300.000000,66300.000000,54286.066406,0
2005-04-06,66300.000000,68500.000000,65600.000000,68500.000000,56087.406250,517600
2005-04-07,68900.000000,70500.000000,68900.000000,70300.000000,57561.257813,710800
2005-04-08,70200.000000,70200.000000,68400.000000,69800.000000,57151.851563,340600
2005-04-11,69000.000000,70000.000000,68600.000000,69400.000000,56824.335938,191800
2005-04-12,69100.000000,70000.000000,69100.000000,69600.000000,56988.078125,171400
2005-04-13,69600.000000,70000.000000,68900.000000,68900.000000,56414.933594,82000
2005-04-14,69200.000000,69300.000000,66700.000000,66700.000000,54613.582031,335800
2005-04-15,67000.000000,67200.000000,65600.000000,66100.000000,54122.316406,164200
2005-04-18,64800.000000,65000.000000,63300.000000,63800.000000,52239.082031,270500
2005-04-19,63900.000000,65200.000000,63900.000000,64800.000000,53057.878906,203300
2005-04-20,65400.000000,67100.000000,65400.000000,66900.000000,54777.347656,272700
2005-04-21,65500.000000,67600.000000,65300.000000,66900.000000,54777.347656,166300
2005-04-22,68000.000000,68000.000000,65900.000000,65900.000000,53958.546875,132000
2005-04-25,66500.000000,66800.000000,64800.000000,66200.000000,54204.191406,180700
2005-04-26,66800.000000,67100.000000,66000.000000,66400.000000,54367.953125,133700
2005-04-27,66000.000000,66400.000000,64500.000000,65000.000000,53221.636719,177800
2005-04-28,64200.000000,64700.000000,63000.000000,63000.000000,51584.042969,345500
2005-04-29,62000.000000,64900.000000,61700.000000,64900.000000,53139.753906,324200
2005-05-02,64800.000000,65500.000000,64100.000000,64500.000000,52812.242188,143600
2005-05-03,65300.000000,65300.000000,63100.000000,63100.000000,51665.925781,97900
2005-05-04,63700.000000,63700.000000,62800.000000,63000.000000,51584.042969,326500
2005-05-05,63000.000000,63000.000000,63000.000000,63000.000000,51584.042969,0
2005-05-06,63000.000000,67100.000000,63000.000000,66100.000000,54122.316406,456100
2005-05-09,66300.000000,66500.000000,65000.000000,66100.000000,54122.316406,379900
2005-05-10,66800.000000,66800.000000,65500.000000,65700.000000,53794.792969,167000
2005-05-11,64500.000000,65100.000000,63400.000000,63800.000000,52239.082031,146500
2005-05-12,63200.000000,64100.000000,63000.000000,63000.000000,51584.042969,133900
2005-05-13,63100.000000,63100.000000,61800.000000,62300.000000,51010.890625,252600
2005-05-16,62100.000000,63400.000000,62000.000000,62500.000000,51174.656250,189400
2005-05-17,63100.000000,63400.000000,60800.000000,61000.000000,49946.460938,386300
2005-05-18,61200.000000,61900.000000,59800.000000,61100.000000,50028.335938,440000
2005-05-19,61600.000000,64600.000000,61500.000000,64600.000000,52894.117188,370200
2005-05-20,64400.000000,64600.000000,63500.000000,63700.000000,52157.207031,217800
2005-05-23,63200.000000,63700.000000,62400.000000,62900.000000,51502.167969,227600
2005-05-24,63100.000000,63400.000000,61300.000000,61500.000000,50355.859375,477900
2005-05-25,61500.000000,62200.000000,61400.000000,61900.000000,50683.371094,366800
2005-05-26,61700.000000,63500.000000,61700.000000,63000.000000,51584.042969,521200
2005-05-27,63900.000000,66200.000000,63600.000000,66100.000000,54122.316406,685400
2005-05-30,66000.000000,67500.000000,65600.000000,67000.000000,54859.230469,200500
2005-05-31,66400.000000,67000.000000,65000.000000,66600.000000,54531.710938,207300
2005-06-01,65800.000000,66200.000000,65400.000000,65600.000000,53712.910156,338000
2005-06-02,65800.000000,67400.000000,65800.000000,66600.000000,54531.710938,374000
2005-06-03,66600.000000,67200.000000,66200.000000,67000.000000,54859.230469,232100
2005-06-06,67000.000000,67000.000000,67000.000000,67000.000000,54859.230469,0
2005-06-07,67300.000000,67300.000000,65800.000000,65800.000000,53876.675781,278000
2005-06-08,65100.000000,66600.000000,65100.000000,66000.000000,54040.437500,165800
2005-06-09,65500.000000,66400.000000,64500.000000,66400.000000,54367.953125,419000
2005-06-10,65600.000000,67200.000000,65600.000000,67000.000000,54859.230469,182200
2005-06-13,66700.000000,68500.000000,66700.000000,68300.000000,55923.660156,252700
2005-06-14,67400.000000,68600.000000,67400.000000,68500.000000,56087.406250,187000
2005-06-15,68700.000000,69100.000000,67900.000000,69000.000000,56496.824219,149100
2005-06-16,68400.000000,69500.000000,68400.000000,68500.000000,56087.406250,154900
2005-06-17,69000.000000,69200.000000,68300.000000,68500.000000,56087.406250,169900
2005-06-20,68500.000000,68800.000000,67700.000000,68300.000000,55923.660156,133200
2005-06-21,68600.000000,69000.000000,67500.000000,67700.000000,55432.382813,106500
2005-06-22,68300.000000,69000.000000,67900.000000,69000.000000,56496.824219,156600
2005-06-23,69300.000000,69400.000000,68500.000000,69000.000000,56496.824219,157900
2005-06-24,68900.000000,68900.000000,67600.000000,67800.000000,55514.261719,196200
2005-06-27,68700.000000,70200.000000,67800.000000,69000.000000,56496.824219,478000
2005-06-28,69700.000000,69900.000000,69100.000000,69400.000000,56824.335938,180000
2005-06-29,69900.000000,70400.000000,69600.000000,70200.000000,57479.371094,319100
2005-06-30,70100.000000,70600.000000,69500.000000,69500.000000,56906.214844,167800
2005-07-01,70400.000000,70400.000000,68500.000000,70000.000000,57315.609375,159600
2005-07-04,70300.000000,72500.000000,70100.000000,72200.000000,59116.960938,452400
2005-07-05,72200.000000,73000.000000,71300.000000,72800.000000,59608.234375,153500
2005-07-06,73500.000000,74900.000000,73200.000000,74600.000000,61082.050781,471300
2005-07-07,75600.000000,76300.000000,73800.000000,74100.000000,60672.671875,358700
2005-07-08,74500.000000,75400.000000,72500.000000,75400.000000,61737.101563,320600
2005-07-11,77000.000000,77000.000000,76000.000000,76000.000000,62228.382813,324300
2005-07-12,75900.000000,76000.000000,73400.000000,73400.000000,60099.503906,276900
2005-07-13,73400.000000,74800.000000,73400.000000,74100.000000,60672.671875,223700
2005-07-14,73700.000000,75700.000000,73600.000000,75200.000000,61573.343750,269700
2005-07-15,75300.000000,76000.000000,74000.000000,74100.000000,60672.671875,161100
2005-07-18,73500.000000,74900.000000,73000.000000,73100.000000,59853.878906,136700
2005-07-19,73000.000000,74800.000000,73000.000000,74600.000000,61082.050781,231300
2005-07-20,74600.000000,76000.000000,74100.000000,75800.000000,62064.617188,190000
2005-07-21,76500.000000,76900.000000,75200.000000,75600.000000,61900.851563,186700
2005-07-22,75600.000000,76600.000000,75100.000000,76300.000000,62474.019531,193700
2005-07-25,76300.000000,77700.000000,75400.000000,77700.000000,63620.328125,142700
2005-07-26,77800.000000,77800.000000,76200.000000,76300.000000,62474.019531,211300
2005-07-27,77500.000000,77500.000000,72400.000000,73100.000000,59853.878906,779000
2005-07-28,73500.000000,73500.000000,71300.000000,72300.000000,59198.835938,626500
2005-07-29,73300.000000,75000.000000,72400.000000,75000.000000,61409.585938,739900
2005-08-01,74000.000000,75600.000000,73800.000000,75000.000000,61409.585938,214200
2005-08-02,74500.000000,75000.000000,73700.000000,74000.000000,60590.789063,196200
2005-08-03,74000.000000,77200.000000,74000.000000,76500.000000,62637.777344,660400
2005-08-04,76800.000000,87900.000000,76600.000000,78500.000000,64275.367188,983600
2005-08-05,78400.000000,78400.000000,76800.000000,77500.000000,63456.566406,297300
2005-08-08,77500.000000,79100.000000,77500.000000,77600.000000,63538.449219,245500
2005-08-09,76000.000000,78300.000000,76000.000000,77700.000000,63620.328125,290500
2005-08-10,78400.000000,80000.000000,78000.000000,79000.000000,64684.773438,207100
2005-08-11,78500.000000,80000.000000,78500.000000,80000.000000,65503.546875,179500
2005-08-12,80200.000000,80900.000000,79100.000000,79400.000000,65012.292969,146900
2005-08-15,79400.000000,79400.000000,79400.000000,79400.000000,65012.292969,0
2005-08-16,79400.000000,80600.000000,79000.000000,79000.000000,64684.773438,341200
2005-08-17,79000.000000,80200.000000,78600.000000,80000.000000,65503.546875,331500
2005-08-18,80000.000000,81000.000000,78000.000000,78000.000000,63865.964844,298000
2005-08-19,77500.000000,79400.000000,77500.000000,78500.000000,64275.367188,207000
2005-08-22,78200.000000,80900.000000,78200.000000,80500.000000,65912.945313,159500
2005-08-23,80500.000000,81300.000000,79500.000000,80000.000000,65503.546875,201600
2005-08-24,79900.000000,79900.000000,76700.000000,77900.000000,63784.097656,324500
2005-08-25,76300.000000,77600.000000,75400.000000,77500.000000,63456.566406,384300
2005-08-26,77000.000000,78200.000000,76000.000000,76000.000000,62228.382813,163800
2005-08-29,74600.000000,75600.000000,73800.000000,73800.000000,60427.019531,174200
2005-08-30,74100.000000,75500.000000,73000.000000,74500.000000,61000.191406,193500
2005-08-31,74100.000000,75500.000000,73900.000000,74100.000000,60672.671875,196900
2005-09-01,75300.000000,75800.000000,74500.000000,75200.000000,61573.343750,421900
2005-09-02,75200.000000,79400.000000,75100.000000,78600.000000,64357.234375,504300
2005-09-05,79000.000000,79500.000000,77700.000000,79100.000000,64766.625000,229700
2005-09-06,79200.000000,80600.000000,79100.000000,79700.000000,65257.914063,230300
2005-09-07,80100.000000,82600.000000,80100.000000,82500.000000,67550.546875,290600
2005-09-08,82900.000000,83000.000000,80600.000000,81700.000000,66895.492188,369400
2005-09-09,81300.000000,83400.000000,81300.000000,83400.000000,68287.445313,246400
2005-09-12,83500.000000,83600.000000,81400.000000,81700.000000,66895.492188,204300
2005-09-13,81700.000000,82900.000000,79800.000000,79900.000000,65421.679688,232300
2005-09-14,79900.000000,81300.000000,79600.000000,80800.000000,66158.585938,141500
2005-09-15,80000.000000,82300.000000,79900.000000,80500.000000,65912.945313,362600
2005-09-16,80700.000000,84300.000000,80300.000000,83900.000000,68696.835938,449500
2005-09-19,83900.000000,83900.000000,83900.000000,83900.000000,68696.835938,0
2005-09-20,85200.000000,87400.000000,84300.000000,86000.000000,70416.312500,478400
2005-09-21,85500.000000,85500.000000,83400.000000,85300.000000,69843.156250,702500
2005-09-22,85500.000000,85500.000000,82800.000000,83000.000000,67959.953125,487100
2005-09-23,82700.000000,83900.000000,81000.000000,81000.000000,66322.359375,401300
2005-09-26,80700.000000,82000.000000,80700.000000,81700.000000,66895.492188,338800
2005-09-27,82000.000000,83300.000000,82000.000000,83200.000000,68123.695313,260700
2005-09-28,82700.000000,85800.000000,82700.000000,85100.000000,69679.406250,314300
2005-09-29,85000.000000,86700.000000,84300.000000,86500.000000,70825.718750,337857
2005-09-30,85800.000000,86700.000000,84100.000000,85700.000000,70170.679688,219297
2005-10-03,85700.000000,85700.000000,85700.000000,85700.000000,70170.679688,0
2005-10-04,86000.000000,87100.000000,85300.000000,87000.000000,71235.109375,235818
2005-10-05,87000.000000,87500.000000,86000.000000,87000.000000,71235.109375,261558
2005-10-06,87000.000000,87400.000000,85100.000000,85200.000000,69761.289063,440879
2005-10-07,86500.000000,86900.000000,84700.000000,84700.000000,69351.890625,208845
2005-10-10,84700.000000,88000.000000,84700.000000,88000.000000,72053.898438,266022
2005-10-11,88100.000000,88100.000000,86500.000000,88000.000000,72053.898438,146110
2005-10-12,88000.000000,90500.000000,88000.000000,88600.000000,72545.187500,421540
2005-10-13,88500.000000,88600.000000,84900.000000,85200.000000,69761.289063,278364
2005-10-14,85400.000000,86000.000000,82000.000000,83500.000000,68369.328125,302233
2005-10-17,83500.000000,84700.000000,80800.000000,81200.000000,66486.109375,190200
2005-10-18,81400.000000,83400.000000,81400.000000,82700.000000,67714.304688,158543
2005-10-19,81000.000000,82600.000000,79300.000000,79300.000000,64930.394531,305523
2005-10-20,80500.000000,80800.000000,79300.000000,80000.000000,65503.546875,248765
2005-10-21,78800.000000,82700.000000,78800.000000,81700.000000,66895.492188,251416
2005-10-24,83400.000000,84000.000000,81400.000000,82700.000000,67714.304688,128715
2005-10-25,84300.000000,85300.000000,82700.000000,83000.000000,67959.953125,272896
2005-10-26,83900.000000,84300.000000,82200.000000,84200.000000,68942.492188,133374
2005-10-27,83100.000000,84700.000000,82000.000000,82000.000000,67141.156250,238514
2005-10-28,81100.000000,81100.000000,79500.000000,80000.000000,65503.546875,198351
2005-10-31,81800.000000,83500.000000,80200.000000,83000.000000,67959.953125,204581
2005-11-01,83900.000000,87000.000000,83100.000000,86500.000000,70825.718750,370919
2005-11-02,86500.000000,88000.000000,86100.000000,88000.000000,72053.898438,222492
2005-11-03,88600.000000,88700.000000,87000.000000,88200.000000,72217.664063,156980
2005-11-04,87900.000000,88500.000000,86700.000000,87800.000000,71890.148438,149670
2005-11-07,88000.000000,88200.000000,85700.000000,86100.000000,70498.210938,190898
2005-11-08,86900.000000,88000.000000,86000.000000,88000.000000,72053.898438,201091
2005-11-09,86700.000000,88700.000000,86300.000000,87700.000000,71808.273438,192070
2005-11-10,87100.000000,88300.000000,86000.000000,88000.000000,72053.898438,302997
2005-11-11,87000.000000,88300.000000,86800.000000,88300.000000,72299.539063,274894
2005-11-14,88300.000000,88800.000000,86600.000000,87400.000000,71562.632813,233170
2005-11-15,87400.000000,89600.000000,86600.000000,87000.000000,71235.109375,232638
2005-11-16,86700.000000,87500.000000,86400.000000,87400.000000,71562.632813,200486
2005-11-17,87400.000000,87500.000000,85400.000000,85500.000000,70006.921875,427370
2005-11-18,86100.000000,87200.000000,84400.000000,85000.000000,69597.507813,358927
2005-11-21,84700.000000,85700.000000,83000.000000,83300.000000,68205.578125,346296
2005-11-22,82700.000000,84300.000000,81600.000000,82000.000000,67141.156250,347260
2005-11-23,82200.000000,84000.000000,82000.000000,84000.000000,68778.718750,352015
2005-11-24,83500.000000,84400.000000,82400.000000,82600.000000,67632.421875,324509
2005-11-25,82300.000000,83700.000000,82300.000000,83000.000000,67959.953125,242823
2005-11-28,82600.000000,83500.000000,81600.000000,81800.000000,66977.382813,321214
2005-11-29,81200.000000,83000.000000,81200.000000,82000.000000,67141.156250,403562
2005-11-30,81700.000000,86800.000000,81700.000000,86800.000000,71071.343750,504211
2005-12-01,86400.000000,88500.000000,86100.000000,88000.000000,72053.898438,475735
2005-12-02,88500.000000,89600.000000,87300.000000,87500.000000,71644.507813,507903
2005-12-05,87000.000000,89200.000000,87000.000000,89000.000000,72872.703125,224468
2005-12-06,89900.000000,95300.000000,89400.000000,95000.000000,77785.468750,578688
2005-12-07,95300.000000,96200.000000,92700.000000,94400.000000,77294.203125,353233
2005-12-08,94400.000000,94400.000000,91300.000000,94000.000000,76966.679688,364030
2005-12-09,92500.000000,95600.000000,92100.000000,92500.000000,75738.460938,251948
2005-12-12,92300.000000,94300.000000,92300.000000,93700.000000,76721.039063,171295
2005-12-13,94000.000000,94500.000000,90600.000000,91700.000000,75083.445313,280207
2005-12-14,92700.000000,95500.000000,91300.000000,92000.000000,75329.085938,376718
2005-12-15,91300.000000,92900.000000,91000.000000,91000.000000,74510.289063,215701
2005-12-16,89500.000000,90500.000000,89000.000000,89300.000000,73118.343750,207225
2005-12-19,88000.000000,91600.000000,88000.000000,91500.000000,74919.687500,272112
2005-12-20,90600.000000,92100.000000,90500.000000,92100.000000,75410.968750,146908
2005-12-21,92500.000000,94400.000000,92200.000000,93900.000000,76884.804688,193900
2005-12-22,93300.000000,93900.000000,91600.000000,92000.000000,75329.085938,166000
2005-12-23,93000.000000,93400.000000,91500.000000,91700.000000,75083.445313,87642
2005-12-26,91300.000000,92800.000000,91000.000000,91000.000000,74510.289063,94400
2005-12-27,91000.000000,93300.000000,91000.000000,91900.000000,75247.210938,145945
2005-12-28,91700.000000,91700.000000,90500.000000,91000.000000,75746.625000,135448
2005-12-29,91200.000000,93700.000000,90300.000000,92400.000000,76911.984375,241354
2006-01-02,93400.000000,94500.000000,92700.000000,93900.000000,78160.539063,210923
2006-01-03,94400.000000,94400.000000,91900.000000,92600.000000,77078.437500,165482
2006-01-04,93000.000000,93500.000000,90000.000000,91100.000000,75829.859375,344462
2006-01-05,90600.000000,91500.000000,89900.000000,90600.000000,75413.679688,290537
2006-01-06,90600.000000,92000.000000,90600.000000,91500.000000,76162.820313,214320
2006-01-09,91200.000000,92000.000000,88900.000000,89000.000000,74081.875000,294881
2006-01-10,89000.000000,90000.000000,86600.000000,87000.000000,72417.101563,308023
2006-01-11,87000.000000,87900.000000,86500.000000,87100.000000,72500.343750,225246
2006-01-12,87000.000000,88800.000000,86400.000000,87800.000000,73083.015625,385654
2006-01-13,87500.000000,90400.000000,87500.000000,90100.000000,74997.507813,241291
2006-01-16,90500.000000,90600.000000,87900.000000,88200.000000,73415.968750,204371
2006-01-17,88700.000000,88700.000000,85100.000000,85300.000000,71002.062500,326579
2006-01-18,85100.000000,86900.000000,82800.000000,84000.000000,69919.968750,257000
2006-01-19,83000.000000,84900.000000,82500.000000,84000.000000,69919.968750,230873
2006-01-20,83200.000000,85000.000000,82000.000000,82100.000000,68338.437500,229299
2006-01-23,82300.000000,84100.000000,81800.000000,82800.000000,68921.125000,387082
2006-01-24,82000.000000,83800.000000,80200.000000,82600.000000,68754.632813,318847
2006-01-25,82600.000000,84800.000000,81300.000000,82000.000000,68255.203125,396295
2006-01-26,81800.000000,82500.000000,77100.000000,78500.000000,65341.878906,805578
2006-01-27,78100.000000,81800.000000,76500.000000,81800.000000,68088.734375,700755
2006-01-31,82300.000000,83500.000000,81800.000000,83500.000000,69503.781250,341600
2006-02-01,83700.000000,86000.000000,83000.000000,83600.000000,69587.031250,743234
2006-02-02,83700.000000,84400.000000,81900.000000,83000.000000,69087.585938,596734
2006-02-03,83000.000000,83000.000000,80300.000000,82000.000000,68255.203125,320621
2006-02-06,80700.000000,85100.000000,80600.000000,83900.000000,69836.734375,281955
2006-02-07,83900.000000,84600.000000,82900.000000,82900.000000,69004.343750,286172
2006-02-08,82900.000000,83800.000000,81300.000000,82500.000000,68671.406250,319143
2006-02-09,82500.000000,83500.000000,81000.000000,83500.000000,69503.781250,289890
2006-02-10,83000.000000,84700.000000,81600.000000,84500.000000,70336.164063,221570
2006-02-13,83300.000000,84000.000000,80600.000000,84000.000000,69919.968750,296375
2006-02-14,82100.000000,84000.000000,81200.000000,83800.000000,69753.484375,380251
2006-02-15,84000.000000,84300.000000,79500.000000,80000.000000,66590.453125,744008
2006-02-16,78800.000000,79900.000000,75900.000000,77000.000000,64093.324219,933283
2006-02-17,76700.000000,77800.000000,74400.000000,75600.000000,62927.976563,1153110
2006-02-20,75900.000000,77900.000000,75700.000000,77400.000000,64426.250000,534736
2006-02-21,77300.000000,79100.000000,77200.000000,78100.000000,65008.933594,405501
2006-02-22,78500.000000,79700.000000,77500.000000,78100.000000,65008.933594,303513
2006-02-23,79300.000000,81100.000000,78000.000000,81100.000000,67506.062500,353625
2006-02-24,80300.000000,82500.000000,80100.000000,82000.000000,68255.203125,180280
2006-02-27,81000.000000,83100.000000,81000.000000,82700.000000,68837.875000,180497
2006-02-28,82400.000000,83000.000000,81500.000000,81900.000000,68171.976563,98999
2006-03-02,82300.000000,83200.000000,81000.000000,81000.000000,67422.835938,164221
2006-03-03,82500.000000,82500.000000,76700.000000,78000.000000,64925.687500,365351
2006-03-06,79000.000000,81300.000000,77500.000000,80700.000000,67173.125000,218946
2006-03-07,81700.000000,81700.000000,77700.000000,78900.000000,65674.835938,207131
2006-03-08,77400.000000,78900.000000,77300.000000,77500.000000,64509.496094,457019
2006-03-09,78500.000000,81000.000000,78000.000000,79300.000000,66007.773438,325193
2006-03-10,80000.000000,80800.000000,79300.000000,80000.000000,66590.453125,180184
2006-03-13,81200.000000,81800.000000,80800.000000,81200.000000,67589.304688,163210
2006-03-14,81200.000000,82300.000000,79900.000000,80200.000000,66756.914063,219650
2006-03-15,80700.000000,82100.000000,80700.000000,80900.000000,67339.585938,154131
2006-03-16,82000.000000,82100.000000,80100.000000,80500.000000,67006.640625,228811
2006-03-17,80500.000000,81500.000000,80200.000000,80700.000000,67173.125000,169431
2006-03-20,81600.000000,84000.000000,81400.000000,84000.000000,69919.968750,385200
2006-03-21,84800.000000,85600.000000,84000.000000,85100.000000,70835.585938,326611
2006-03-22,84400.000000,84400.000000,81700.000000,82500.000000,68671.406250,210703
2006-03-23,82500.000000,82900.000000,81500.000000,82500.000000,68671.406250,131678
2006-03-24,83800.000000,83800.000000,81400.000000,83600.000000,69587.031250,182766
2006-03-27,83700.000000,83800.000000,81600.000000,83300.000000,69337.289063,144814
2006-03-28,84000.000000,84000.000000,82300.000000,83900.000000,69836.734375,157491
2006-03-29,83700.000000,85000.000000,83000.000000,85000.000000,70752.351563,171981
2006-03-30,84600.000000,86000.000000,83900.000000,86000.000000,71584.726563,183473
2006-03-31,85600.000000,86600.000000,84800.000000,86000.000000,71584.726563,142727
2006-04-03,86000.000000,86900.000000,85000.000000,85900.000000,71501.500000,239312
2006-04-04,85400.000000,87000.000000,85400.000000,86700.000000,72167.390625,366739
2006-04-05,86700.000000,87700.000000,86200.000000,86500.000000,72000.914063,252662
2006-04-06,86700.000000,86700.000000,84300.000000,84500.000000,70336.164063,173040
2006-04-07,84000.000000,85000.000000,84000.000000,84200.000000,70086.445313,187974
2006-04-10,85200.000000,85200.000000,83700.000000,83900.000000,69836.734375,181294
2006-04-11,84200.000000,84300.000000,81800.000000,81900.000000,68171.976563,154004
2006-04-12,81500.000000,81500.000000,79500.000000,81000.000000,67422.835938,261434
2006-04-13,80500.000000,81200.000000,80300.000000,81100.000000,67506.062500,260522
2006-04-14,82000.000000,82200.000000,81100.000000,81500.000000,67839.039063,463514
2006-04-17,82400.000000,83200.000000,82400.000000,82700.000000,68837.875000,339836
2006-04-18,82000.000000,83500.000000,82000.000000,82100.000000,68338.437500,171598
2006-04-19,83200.000000,83800.000000,82900.000000,83600.000000,69587.031250,493183
2006-04-20,83900.000000,91100.000000,83900.000000,89900.000000,74831.000000,1070427
2006-04-21,91500.000000,91600.000000,88000.000000,89100.000000,74165.109375,350071
2006-04-24,89500.000000,89500.000000,85700.000000,86500.000000,72000.914063,354608
2006-04-25,87100.000000,89300.000000,85900.000000,89000.000000,74081.875000,310268
2006-04-26,88500.000000,88500.000000,85500.000000,87400.000000,72750.062500,586382
2006-04-27,86500.000000,87400.000000,84800.000000,86900.000000,72333.867188,399403
2006-04-28,86900.000000,87000.000000,82900.000000,83300.000000,69337.289063,609912
2006-05-02,81500.000000,82700.000000,78900.000000,80000.000000,66590.453125,853773
2006-05-03,79600.000000,81100.000000,78000.000000,78600.000000,65425.097656,1025156
2006-05-04,78200.000000,80400.000000,77500.000000,79800.000000,66423.984375,1360467
2006-05-08,81200.000000,82900.000000,80900.000000,82500.000000,68671.406250,743502
2006-05-09,81300.000000,82400.000000,80800.000000,82100.000000,68338.437500,324814
2006-05-10,81500.000000,82000.000000,80000.000000,81900.000000,68171.976563,389606
2006-05-11,82000.000000,82100.000000,81000.000000,82000.000000,68255.203125,355044
2006-05-12,81700.000000,81700.000000,80500.000000,81600.000000,67922.265625,286571
2006-05-15,80700.000000,80800.000000,79500.000000,79500.000000,66174.265625,263523
2006-05-16,79500.000000,80000.000000,78300.000000,79100.000000,65841.296875,356761
2006-05-17,80300.000000,80300.000000,78800.000000,79000.000000,65758.062500,189548
2006-05-18,77000.000000,77000.000000,74400.000000,74900.000000,62345.312500,787300
2006-05-19,75600.000000,77100.000000,75000.000000,77100.000000,64176.542969,355000
2006-05-22,75600.000000,77100.000000,75000.000000,77100.000000,64176.542969,408833
2006-05-23,73000.000000,75500.000000,72000.000000,75500.000000,62844.726563,313586
2006-05-24,74500.000000,74600.000000,72000.000000,73500.000000,61179.964844,479744
2006-05-25,73400.000000,73700.000000,71300.000000,71300.000000,59348.746094,240119
2006-05-26,73400.000000,76700.000000,72000.000000,76100.000000,63344.175781,421488
2006-05-29,77100.000000,77900.000000,75000.000000,76800.000000,63926.828125,255700
2006-05-30,75800.000000,76800.000000,74700.000000,74800.000000,62262.066406,284196
2006-05-31,77100.000000,77900.000000,75000.000000,76800.000000,63926.828125,263102
2006-06-01,75000.000000,75900.000000,73900.000000,75900.000000,63177.691406,378256
2006-06-02,76800.000000,76800.000000,74800.000000,76800.000000,63926.828125,227021
2006-06-05,76400.000000,76600.000000,75000.000000,75700.000000,63011.207031,239616
2006-06-07,73900.000000,74100.000000,72900.000000,73000.000000,60763.777344,363157
2006-06-08,72900.000000,73400.000000,69500.000000,69700.000000,58016.925781,367474
2006-06-09,70700.000000,71300.000000,68700.000000,69000.000000,57434.265625,443965
2006-06-12,69400.000000,72500.000000,68000.000000,72500.000000,60347.589844,478570
2006-06-13,71000.000000,71300.000000,69400.000000,70000.000000,58266.636719,374909
2006-06-14,70500.000000,72300.000000,70500.000000,71900.000000,59848.164063,464586
2006-06-15,72500.000000,73000.000000,71400.000000,71800.000000,59764.925781,360901
2006-06-16,73300.000000,75300.000000,72000.000000,75200.000000,62595.011719,584962
2006-06-19,75000.000000,75000.000000,73200.000000,74100.000000,61679.398438,251278
2006-06-20,73500.000000,73500.000000,71900.000000,72000.000000,59931.417969,107180
2006-06-21,72800.000000,72800.000000,71600.000000,72400.000000,60264.355469,111866
2006-06-22,73500.000000,75200.000000,73300.000000,74300.000000,61845.878906,304508
2006-06-23,73300.000000,75600.000000,73300.000000,75100.000000,62511.773438,319296
2006-06-26,75500.000000,76400.000000,74300.000000,76000.000000,63260.929688,238274
2006-06-27,78000.000000,78500.000000,76500.000000,77800.000000,64759.222656,300254
2006-06-28,77500.000000,79200.000000,76500.000000,78800.000000,65591.585938,318942
2006-06-29,78900.000000,79400.000000,78000.000000,79200.000000,65924.539063,273164
2006-06-30,80000.000000,80900.000000,79200.000000,80200.000000,66756.914063,297653
2006-07-03,80000.000000,80200.000000,79600.000000,80000.000000,66590.453125,191787
2006-07-04,80000.000000,80300.000000,77300.000000,79900.000000,66507.203125,340300
2006-07-05,76900.000000,78200.000000,76600.000000,76900.000000,64010.046875,348000
2006-07-06,76700.000000,76900.000000,74600.000000,76000.000000,63260.929688,208600
2006-07-07,76300.000000,76800.000000,75500.000000,75900.000000,63177.691406,192100
2006-07-10,75200.000000,76700.000000,74700.000000,76700.000000,63843.601563,268300
2006-07-11,77000.000000,78400.000000,76900.000000,78400.000000,65258.648438,301800
2006-07-12,79100.000000,79800.000000,78400.000000,79700.000000,66340.718750,296600
2006-07-13,78500.000000,79200.000000,76800.000000,77900.000000,64842.460938,350100
2006-07-14,76200.000000,76900.000000,74000.000000,74100.000000,61679.398438,293600
2006-07-18,73500.000000,73700.000000,72400.000000,73600.000000,61263.218750,213000
2006-07-19,72700.000000,73700.000000,72300.000000,73500.000000,61179.964844,180900
2006-07-20,74200.000000,75100.000000,73900.000000,74700.000000,62178.835938,204400
2006-07-21,74300.000000,77400.000000,74000.000000,77400.000000,64426.250000,311693
2006-07-24,76200.000000,77600.000000,74900.000000,77200.000000,64259.785156,252089
2006-07-25,77700.000000,79500.000000,77700.000000,78600.000000,65425.097656,231222
2006-07-26,78100.000000,78900.000000,77500.000000,78100.000000,65008.933594,168300
2006-07-27,78100.000000,79400.000000,77500.000000,79300.000000,66007.773438,294900
2006-07-28,78700.000000,79200.000000,77700.000000,78700.000000,65508.343750,150157
2006-07-31,79500.000000,79600.000000,78000.000000,79300.000000,66007.773438,154569
2006-08-01,78600.000000,79600.000000,76600.000000,77000.000000,64093.324219,302393
2006-08-02,76900.000000,78000.000000,76100.000000,78000.000000,64925.687500,191534
2006-08-03,78100.000000,79000.000000,76500.000000,77700.000000,64675.984375,375906
2006-08-04,77700.000000,78000.000000,76900.000000,78000.000000,64925.687500,256214
2006-08-07,77900.000000,80000.000000,77000.000000,78400.000000,65258.648438,252703
2006-08-08,79300.000000,81500.000000,79200.000000,81400.000000,67755.781250,509280
2006-08-09,81400.000000,83800.000000,81000.000000,83800.000000,69753.484375,646316
2006-08-10,83900.000000,84000.000000,82200.000000,83900.000000,69836.734375,331999
2006-08-11,83900.000000,84500.000000,82500.000000,82900.000000,69004.343750,322603
2006-08-14,82500.000000,83500.000000,81800.000000,82500.000000,68671.406250,326669
2006-08-16,83700.000000,85300.000000,83700.000000,85100.000000,70835.585938,460483
2006-08-17,85500.000000,85700.000000,84400.000000,84400.000000,70252.921875,284684
2006-08-18,84400.000000,87500.000000,84200.000000,87500.000000,72833.304688,537554
2006-08-21,87000.000000,87000.000000,86000.000000,87000.000000,72417.101563,272500
2006-08-22,86500.000000,87400.000000,86000.000000,86600.000000,72084.164063,400800
2006-08-23,87000.000000,87000.000000,85200.000000,86300.000000,71834.445313,251630
2006-08-24,86800.000000,87200.000000,85100.000000,86700.000000,72167.390625,215972
2006-08-25,86000.000000,87000.000000,85200.000000,87000.000000,72417.101563,238873
2006-08-28,87000.000000,87100.000000,85700.000000,86900.000000,72333.867188,188324
2006-08-29,87000.000000,87500.000000,86500.000000,86900.000000,72333.867188,214957
2006-08-30,87800.000000,87900.000000,87100.000000,87300.000000,72666.835938,438035
2006-08-31,87800.000000,89100.000000,87400.000000,88100.000000,73332.734375,415854
2006-09-01,88100.000000,91000.000000,87600.000000,91000.000000,75746.625000,281402
2006-09-04,90600.000000,93100.000000,90400.000000,91000.000000,75746.625000,358018
2006-09-05,93000.000000,94400.000000,92200.000000,94000.000000,78243.781250,611312
2006-09-06,94000.000000,94000.000000,92700.000000,93600.000000,77910.828125,268361
2006-09-07,92100.000000,93600.000000,92100.000000,93600.000000,77910.828125,115925
2006-09-08,92500.000000,92700.000000,90800.000000,90800.000000,75580.140625,332824
2006-09-11,91300.000000,91400.000000,89100.000000,89800.000000,74747.789063,254329
2006-09-12,89800.000000,90900.000000,88800.000000,89000.000000,74081.875000,237032
2006-09-13,89500.000000,91000.000000,88500.000000,89100.000000,74165.109375,272523
2006-09-14,89400.000000,90200.000000,89000.000000,89700.000000,74664.531250,721823
2006-09-15,90200.000000,91900.000000,90200.000000,91500.000000,76162.820313,306325
2006-09-18,92900.000000,93500.000000,92400.000000,93000.000000,77411.406250,375071
2006-09-19,92700.000000,94000.000000,92500.000000,94000.000000,78243.781250,322323
2006-09-20,93000.000000,95400.000000,92800.000000,95000.000000,79076.132813,304425
2006-09-21,95500.000000,98300.000000,93900.000000,94200.000000,78410.265625,471867
2006-09-22,93900.000000,95900.000000,92300.000000,92500.000000,76995.203125,1267807
2006-09-25,93000.000000,94700.000000,92600.000000,94700.000000,78826.445313,192283
2006-09-26,95100.000000,95700.000000,93000.000000,94000.000000,78243.781250,92598
2006-09-27,95000.000000,96700.000000,94900.000000,96000.000000,79908.531250,225772
2006-09-28,96100.000000,97500.000000,95500.000000,97500.000000,81157.109375,246607
2006-09-29,98000.000000,98700.000000,97300.000000,97500.000000,81157.109375,351121
2006-10-02,96900.000000,99800.000000,96400.000000,99200.000000,82572.156250,273306
2006-10-04,98800.000000,99900.000000,97400.000000,97800.000000,81406.828125,367129
2006-10-09,96000.000000,96500.000000,91000.000000,94400.000000,78576.726563,550183
2006-10-10,95000.000000,96500.000000,94600.000000,95700.000000,79658.820313,176775
2006-10-11,95600.000000,97000.000000,92900.000000,94700.000000,78826.445313,279979
2006-10-12,94700.000000,94900.000000,92700.000000,93800.000000,78077.296875,421068
2006-10-13,94500.000000,95400.000000,93500.000000,94300.000000,78493.492188,418797
2006-10-16,94400.000000,94500.000000,92100.000000,92500.000000,76995.203125,296793
2006-10-17,92500.000000,92500.000000,90600.000000,90900.000000,75663.398438,291871
2006-10-18,91100.000000,91700.000000,90300.000000,91400.000000,76079.578125,409299
2006-10-19,92100.000000,94200.000000,92000.000000,93700.000000,77994.070313,408795
2006-10-20,93200.000000,94500.000000,93000.000000,93900.000000,78160.539063,322357
2006-10-23,94200.000000,95000.000000,90900.000000,91000.000000,75746.625000,371921
2006-10-24,91700.000000,92300.000000,91000.000000,91700.000000,76329.304688,245966
2006-10-25,92000.000000,94700.000000,91700.000000,94700.000000,78826.445313,320506
2006-10-26,94300.000000,95000.000000,93600.000000,94000.000000,78243.781250,274716
2006-10-27,94000.000000,94000.000000,91200.000000,92600.000000,77078.437500,265022
2006-10-30,91900.000000,93400.000000,91700.000000,92600.000000,77078.437500,163097
2006-10-31,92600.000000,92800.000000,91900.000000,92000.000000,76579.007813,164741
2006-11-01,92100.000000,92500.000000,91300.000000,92000.000000,76579.007813,176936
2006-11-02,92000.000000,93100.000000,91300.000000,92700.000000,77161.679688,205942
2006-11-03,92500.000000,92900.000000,90300.000000,91300.000000,75996.351563,253537
2006-11-06,90600.000000,90800.000000,87300.000000,88400.000000,73582.460938,491494
2006-11-07,88400.000000,89000.000000,86300.000000,87500.000000,72833.304688,449347
2006-11-08,88000.000000,88500.000000,87200.000000,87900.000000,73166.250000,307542
2006-11-09,88400.000000,89500.000000,88000.000000,89000.000000,74081.875000,423145
2006-11-10,89000.000000,89800.000000,88700.000000,89400.000000,74414.835938,223036
2006-11-13,89500.000000,89700.000000,88300.000000,89500.000000,74498.078125,162144
2006-11-14,89900.000000,90000.000000,89400.000000,89500.000000,74498.078125,211563
2006-11-15,89600.000000,90100.000000,88600.000000,89200.000000,74248.351563,189523
2006-11-16,89000.000000,89000.000000,87000.000000,87400.000000,72750.062500,268483
2006-11-17,88200.000000,88200.000000,86700.000000,87100.000000,72500.343750,211914
2006-11-20,86800.000000,87100.000000,83900.000000,84200.000000,70086.445313,621216
2006-11-21,83700.000000,84400.000000,81000.000000,84400.000000,70252.921875,829875
2006-11-22,84400.000000,85400.000000,83600.000000,83600.000000,69587.031250,393301
2006-11-23,82600.000000,83400.000000,81800.000000,82300.000000,68504.921875,331680
2006-11-24,83500.000000,84300.000000,83100.000000,83800.000000,69753.484375,603609
2006-11-27,85500.000000,87700.000000,84800.000000,87700.000000,72999.773438,726740
2006-11-28,85500.000000,86700.000000,85400.000000,86000.000000,71584.726563,442061
2006-11-29,86500.000000,86900.000000,85400.000000,86500.000000,72000.914063,346444
2006-11-30,86000.000000,86900.000000,85400.000000,86200.000000,71751.210938,376674
2006-12-01,86100.000000,88600.000000,85200.000000,88600.000000,73748.921875,519311
2006-12-04,88000.000000,89500.000000,86800.000000,88700.000000,73832.156250,263353
2006-12-05,88500.000000,89500.000000,87500.000000,88100.000000,73332.734375,177432
2006-12-06,88100.000000,88100.000000,84300.000000,84600.000000,70419.390625,404276
2006-12-07,84100.000000,85700.000000,83200.000000,83900.000000,69836.734375,355698
2006-12-08,82900.000000,84300.000000,82300.000000,83900.000000,69836.734375,323168
2006-12-11,83300.000000,83900.000000,82600.000000,83200.000000,69254.062500,342764
2006-12-12,82500.000000,83900.000000,82500.000000,83400.000000,69420.539063,236333
2006-12-13,83200.000000,85800.000000,83200.000000,85400.000000,71085.296875,379362
2006-12-14,86100.000000,87800.000000,84600.000000,87500.000000,72833.304688,496543
2006-12-15,87100.000000,88600.000000,86300.000000,88500.000000,73665.679688,406976
2006-12-18,88600.000000,88600.000000,87200.000000,88600.000000,73748.921875,291147
2006-12-19,87700.000000,89000.000000,87300.000000,88600.000000,73748.921875,389415
2006-12-20,89000.000000,89500.000000,88300.000000,89000.000000,74081.875000,271367
2006-12-21,88600.000000,89300.000000,87700.000000,88800.000000,73915.390625,255764
2006-12-22,88800.000000,88800.000000,85500.000000,85900.000000,71501.500000,424248
2006-12-26,85600.000000,86800.000000,84400.000000,86600.000000,72084.164063,247538
2006-12-27,86100.000000,87300.000000,85300.000000,85300.000000,72041.937500,177277
2006-12-28,86100.000000,86500.000000,84500.000000,86000.000000,72633.125000,183065
2007-01-02,86100.000000,88000.000000,85700.000000,86700.000000,73224.328125,213351
2007-01-03,86700.000000,87700.000000,85100.000000,85300.000000,72041.937500,178672
2007-01-04,85200.000000,85900.000000,82800.000000,83400.000000,70437.242188,361158
2007-01-05,83100.000000,84200.000000,81500.000000,82700.000000,69846.046875,261520
2007-01-08,81700.000000,83500.000000,79700.000000,83500.000000,70521.695313,312107
2007-01-09,82500.000000,82500.000000,80300.000000,80500.000000,67987.992188,530001
2007-01-10,80100.000000,80200.000000,76400.000000,77700.000000,65623.195313,1008187
2007-01-11,78000.000000,78700.000000,77700.000000,77800.000000,65707.640625,301101
2007-01-12,78200.000000,79500.000000,78200.000000,79200.000000,66890.046875,401754
2007-01-15,79000.000000,79300.000000,78400.000000,78600.000000,66383.296875,242901
2007-01-16,79300.000000,79900.000000,78500.000000,79000.000000,66721.132813,469922
2007-01-17,79100.000000,79800.000000,77500.000000,77800.000000,65707.640625,397045
2007-01-18,78400.000000,80500.000000,78300.000000,78500.000000,66298.843750,570104
2007-01-19,79000.000000,80000.000000,78000.000000,79600.000000,67227.875000,217840
2007-01-22,81100.000000,81100.000000,78300.000000,78800.000000,66552.210938,226697
2007-01-23,78500.000000,79900.000000,77800.000000,78400.000000,66214.375000,320128
2007-01-24,78400.000000,79500.000000,77800.000000,78600.000000,66383.296875,324940
2007-01-25,79100.000000,79400.000000,78600.000000,79400.000000,67058.968750,249700
2007-01-26,78000.000000,78800.000000,76600.000000,76600.000000,64694.156250,605571
2007-01-29,76600.000000,77100.000000,75600.000000,76400.000000,64525.257813,481843
2007-01-30,76000.000000,76700.000000,75600.000000,76100.000000,64271.878906,214876
2007-01-31,75700.000000,77300.000000,75700.000000,76300.000000,64440.769531,324026
2007-02-01,77000.000000,77300.000000,76500.000000,77100.000000,65116.445313,428770
2007-02-02,77100.000000,78200.000000,76900.000000,77600.000000,65538.734375,442361
2007-02-05,77900.000000,78200.000000,75900.000000,77300.000000,65285.367188,537472
2007-02-06,77300.000000,78600.000000,76300.000000,78100.000000,65961.015625,291665
2007-02-07,78000.000000,80500.000000,77700.000000,79100.000000,66805.578125,484739
2007-02-08,79500.000000,80900.000000,79500.000000,79800.000000,67396.789063,418834
2007-02-09,80300.000000,80300.000000,79500.000000,79800.000000,67396.789063,269516
2007-02-12,78400.000000,78500.000000,76700.000000,78000.000000,65876.570313,549634
2007-02-13,77500.000000,78000.000000,76400.000000,76900.000000,64947.527344,599900
2007-02-14,77000.000000,78000.000000,77000.000000,77200.000000,65200.906250,397723
2007-02-15,78000.000000,78200.000000,76800.000000,77400.000000,65369.808594,408177
2007-02-16,78700.000000,80400.000000,77600.000000,80400.000000,67903.531250,1392974
2007-02-20,81000.000000,83000.000000,80400.000000,83000.000000,70099.398438,1010600
2007-02-21,83500.000000,84100.000000,83300.000000,83500.000000,70521.695313,654742
2007-02-22,83600.000000,83600.000000,81800.000000,82400.000000,69592.679688,586967
2007-02-23,82400.000000,82900.000000,81600.000000,82100.000000,69339.296875,326230
2007-02-26,81600.000000,82200.000000,80600.000000,82200.000000,69423.765625,304527
2007-02-27,81500.000000,81700.000000,78800.000000,80000.000000,67565.710938,1035606
2007-02-28,77000.000000,78000.000000,76500.000000,78000.000000,65876.570313,663100
2007-03-01,78000.000000,78000.000000,78000.000000,78000.000000,65876.570313,0
2007-03-05,77500.000000,78600.000000,77300.000000,77600.000000,65538.734375,458079
2007-03-06,77500.000000,78300.000000,77400.000000,78100.000000,65961.015625,613948
2007-03-07,78700.000000,80000.000000,78500.000000,79100.000000,66805.578125,557987
2007-03-08,78700.000000,80600.000000,78300.000000,79900.000000,67481.234375,495600
2007-03-09,79900.000000,80400.000000,79400.000000,79800.000000,67396.789063,420478
2007-03-12,80000.000000,82000.000000,79900.000000,82000.000000,69254.843750,499979
2007-03-13,81700.000000,81800.000000,80100.000000,80300.000000,67819.078125,366481
2007-03-14,79500.000000,79900.000000,78300.000000,79600.000000,67227.875000,523165
2007-03-15,79100.000000,79900.000000,79100.000000,79900.000000,67481.234375,292161
2007-03-16,80200.000000,80200.000000,79300.000000,79900.000000,67481.234375,157258
2007-03-19,79500.000000,79800.000000,79100.000000,79200.000000,66890.046875,216955
2007-03-20,79700.000000,79800.000000,77800.000000,78000.000000,65876.570313,573167
2007-03-21,77600.000000,78200.000000,77300.000000,77400.000000,65369.808594,439028
2007-03-22,77900.000000,78200.000000,76600.000000,76800.000000,64863.078125,711719
2007-03-23,76800.000000,78200.000000,76800.000000,77500.000000,65454.285156,672440
2007-03-26,77900.000000,78200.000000,77200.000000,77500.000000,65454.285156,318357
2007-03-27,78300.000000,78800.000000,77400.000000,77400.000000,65369.808594,503291
2007-03-28,78000.000000,79900.000000,77800.000000,79400.000000,67058.968750,736370
2007-03-29,79400.000000,81500.000000,78900.000000,81000.000000,68410.273438,641626
2007-03-30,80500.000000,81000.000000,79700.000000,80800.000000,68241.351563,408330
2007-04-02,81500.000000,83500.000000,81500.000000,83000.000000,70099.398438,1031751
2007-04-03,84000.000000,84000.000000,82300.000000,83300.000000,70352.773438,379854
2007-04-04,83400.000000,83400.000000,81300.000000,81800.000000,69085.921875,611303
2007-04-05,82400.000000,83100.000000,81900.000000,83000.000000,70099.398438,262796
2007-04-06,83000.000000,83000.000000,81100.000000,81800.000000,69085.921875,373131
2007-04-09,81400.000000,81800.000000,80400.000000,81400.000000,68748.109375,350390
2007-04-10,81000.000000,81700.000000,80100.000000,80500.000000,67987.992188,539349
2007-04-11,80700.000000,82500.000000,80700.000000,82000.000000,69254.843750,488509
2007-04-12,82000.000000,82200.000000,80400.000000,82200.000000,69423.765625,486257
2007-04-13,82000.000000,82000.000000,80200.000000,80800.000000,68241.351563,512273
2007-04-16,80000.000000,80600.000000,79600.000000,79900.000000,67481.234375,472646
2007-04-17,80500.000000,80600.000000,79500.000000,79900.000000,67481.234375,465500
2007-04-18,79900.000000,81000.000000,79900.000000,81000.000000,68410.273438,557007
2007-04-19,81300.000000,81300.000000,79500.000000,80000.000000,67565.710938,522193
2007-04-20,80900.000000,80900.000000,78100.000000,79500.000000,67143.414063,1002780
2007-04-23,79500.000000,79500.000000,77900.000000,78500.000000,66298.843750,618625
2007-04-24,78500.000000,78500.000000,76800.000000,77200.000000,65200.906250,1025791
2007-04-25,77200.000000,77300.000000,76100.000000,76600.000000,64694.156250,785076
2007-04-26,76000.000000,76300.000000,74700.000000,75800.000000,64018.496094,1261038
2007-04-27,75100.000000,75800.000000,74200.000000,74300.000000,62751.652344,853480
2007-04-30,74500.000000,75500.000000,74500.000000,75100.000000,63427.292969,308575
2007-05-02,76000.000000,77700.000000,75900.000000,76900.000000,64947.527344,879956
2007-05-03,77900.000000,78400.000000,77300.000000,77700.000000,65623.195313,708889
2007-05-04,78200.000000,78500.000000,77500.000000,78100.000000,65961.015625,540173
2007-05-07,78100.000000,79300.000000,78000.000000,78500.000000,66298.843750,498463
2007-05-08,78300.000000,78300.000000,77400.000000,78200.000000,66045.484375,423295
2007-05-09,77600.000000,79000.000000,77600.000000,78500.000000,66298.843750,291172
2007-05-10,78500.000000,79700.000000,78500.000000,78500.000000,66298.843750,543268
2007-05-11,78000.000000,80400.000000,78000.000000,79900.000000,67481.234375,558287
2007-05-14,81000.000000,82300.000000,80700.000000,81000.000000,68410.273438,739027
2007-05-15,81600.000000,82700.000000,81000.000000,81600.000000,68917.015625,582063
2007-05-16,82300.000000,82600.000000,80600.000000,82300.000000,69508.210938,442726
2007-05-17,82400.000000,82600.000000,81500.000000,82400.000000,69592.679688,387840
2007-05-18,81900.000000,82400.000000,81000.000000,82100.000000,69339.296875,303162
2007-05-21,82000.000000,84800.000000,81900.000000,84700.000000,71535.179688,1046238
2007-05-22,84700.000000,85500.000000,83800.000000,85100.000000,71873.007813,547826
2007-05-23,84400.000000,85400.000000,83400.000000,84100.000000,71028.445313,392791
2007-05-25,83700.000000,84800.000000,83100.000000,84500.000000,71366.281250,249372
2007-05-28,84100.000000,84800.000000,84000.000000,84800.000000,71619.648438,277139
2007-05-29,84100.000000,84700.000000,83300.000000,84300.000000,71197.359375,269484
2007-05-30,83000.000000,83200.000000,81500.000000,83000.000000,70099.398438,1528701
2007-05-31,84100.000000,84300.000000,82900.000000,84200.000000,71112.898438,532972
2007-06-01,83600.000000,84500.000000,83100.000000,83100.000000,70183.875000,317815
2007-06-04,83500.000000,84600.000000,83200.000000,84300.000000,71197.359375,406138
2007-06-05,84800.000000,85000.000000,82400.000000,83400.000000,70437.242188,451530
2007-06-07,83200.000000,84100.000000,82400.000000,83500.000000,70521.695313,472138
2007-06-08,83000.000000,83300.000000,81800.000000,82800.000000,69930.515625,471506
2007-06-11,84000.000000,87900.000000,84000.000000,86600.000000,73139.867188,1502059
2007-06-12,88100.000000,89400.000000,87700.000000,88000.000000,74322.265625,1013042
2007-06-13,87500.000000,88200.000000,86400.000000,88100.000000,74406.726563,310945
2007-06-14,88500.000000,89400.000000,88300.000000,89400.000000,75504.679688,523571
2007-06-15,89000.000000,89400.000000,88200.000000,88700.000000,74913.468750,399508
2007-06-18,90000.000000,91800.000000,90000.000000,91400.000000,77193.812500,699456
2007-06-19,90100.000000,91100.000000,89200.000000,91000.000000,76855.976563,342119
2007-06-20,90900.000000,92300.000000,90100.000000,91200.000000,77024.914063,456570
2007-06-21,90100.000000,91700.000000,90100.000000,91500.000000,77278.265625,340317
2007-06-22,91700.000000,92600.000000,90600.000000,92000.000000,77700.546875,619170
2007-06-25,92800.000000,95200.000000,91200.000000,92300.000000,77953.929688,752253
2007-06-26,91500.000000,92400.000000,89800.000000,91000.000000,76855.976563,524472
2007-06-27,90000.000000,91200.000000,88900.000000,89600.000000,75673.593750,337300
2007-06-28,90000.000000,90600.000000,88200.000000,89700.000000,75758.039063,194652
2007-06-29,90000.000000,90100.000000,87000.000000,87800.000000,74153.343750,473800
2007-07-02,88400.000000,89300.000000,87000.000000,89100.000000,75251.304688,231212
2007-07-03,89200.000000,90900.000000,89200.000000,90500.000000,76433.695313,265954
2007-07-04,91000.000000,93400.000000,90200.000000,92800.000000,78376.218750,625335
2007-07-05,92100.000000,93000.000000,89900.000000,92000.000000,77700.546875,331822
2007-07-06,91100.000000,92100.000000,90400.000000,90900.000000,76771.531250,244262
2007-07-09,90600.000000,93100.000000,88700.000000,90000.000000,76011.421875,598465
2007-07-10,91000.000000,91100.000000,89800.000000,90000.000000,76011.421875,388058
2007-07-11,89300.000000,90600.000000,89000.000000,89000.000000,75166.851563,354549
2007-07-12,89100.000000,90600.000000,88800.000000,89000.000000,75166.851563,533424
2007-07-13,90000.000000,92800.000000,89700.000000,92500.000000,78122.835938,660553
2007-07-16,94500.000000,97800.000000,93500.000000,96100.000000,81163.289063,1131359
2007-07-18,97700.000000,97700.000000,94500.000000,95100.000000,80318.718750,582617
2007-07-19,95600.000000,96600.000000,94100.000000,95300.000000,80487.648438,322034
2007-07-20,95300.000000,98700.000000,95000.000000,98300.000000,83021.351563,483010
2007-07-23,98500.000000,102000.000000,97700.000000,100000.000000,84457.125000,631800
2007-07-24,100000.000000,110000.000000,99700.000000,110000.000000,92902.843750,842748
2007-07-25,106500.000000,108000.000000,102500.000000,102500.000000,86568.562500,1149044
2007-07-26,105500.000000,110500.000000,105500.000000,108500.000000,91635.984375,834421
2007-07-27,104500.000000,104500.000000,98700.000000,102000.000000,86146.265625,986226
2007-07-30,100500.000000,104000.000000,99800.000000,101500.000000,85723.992188,2500
2007-07-31,102500.000000,103000.000000,98400.000000,100000.000000,84457.125000,655827
2007-08-01,100500.000000,102500.000000,92900.000000,95000.000000,80234.242188,884591
2007-08-02,96000.000000,100000.000000,94500.000000,98100.000000,82852.445313,889275
2007-08-03,99900.000000,101000.000000,98000.000000,99500.000000,84034.835938,502901
2007-08-06,96500.000000,98500.000000,96100.000000,98500.000000,83190.265625,455152
2007-08-07,99900.000000,99900.000000,97000.000000,98700.000000,83359.187500,250245
2007-08-08,99500.000000,102000.000000,98100.000000,98100.000000,82852.445313,326113
2007-08-09,97700.000000,99400.000000,95500.000000,95900.000000,80994.390625,557361
2007-08-10,93600.000000,93700.000000,90600.000000,92000.000000,77700.546875,736747
2007-08-13,91500.000000,95000.000000,90500.000000,95000.000000,80234.242188,381386
2007-08-14,95500.000000,95500.000000,93000.000000,95000.000000,80234.242188,439377
2007-08-16,92000.000000,92400.000000,88800.000000,90200.000000,76180.328125,673380
2007-08-17,91500.000000,91500.000000,88700.000000,89700.000000,75758.039063,397255
2007-08-20,92000.000000,96400.000000,91500.000000,96100.000000,81163.289063,644676
2007-08-21,96200.000000,96800.000000,94900.000000,95700.000000,80825.460938,312834
2007-08-22,95700.000000,97400.000000,95000.000000,96000.000000,81078.835938,355405
2007-08-23,97800.000000,100500.000000,97700.000000,98300.000000,83021.351563,637110
2007-08-24,97200.000000,99300.000000,97100.000000,99000.000000,83612.554688,203943
2007-08-27,100500.000000,101500.000000,98000.000000,98600.000000,83274.726563,324351
2007-08-28,98500.000000,98500.000000,94000.000000,94000.000000,79389.710938,498163
2007-08-29,91200.000000,95300.000000,90500.000000,95300.000000,80487.648438,472720
2007-08-30,96500.000000,99200.000000,96200.000000,99100.000000,83697.023438,563257
2007-08-31,98900.000000,101000.000000,98800.000000,101000.000000,85301.710938,367163
2007-09-03,99500.000000,99500.000000,97900.000000,98200.000000,82936.898438,299030
2007-09-04,98100.000000,100000.000000,96000.000000,96300.000000,81332.218750,321872
2007-09-05,97800.000000,99200.000000,96300.000000,96600.000000,81585.585938,315090
2007-09-06,96600.000000,97600.000000,95400.000000,96900.000000,81838.960938,323453
2007-09-07,96900.000000,97000.000000,92300.000000,94600.000000,79896.437500,523687
2007-09-10,92700.000000,93000.000000,90200.000000,91000.000000,76855.976563,579100
2007-09-11,91800.000000,93800.000000,91100.000000,92000.000000,77700.546875,294608
2007-09-12,92500.000000,92900.000000,90200.000000,90500.000000,76433.695313,250727
2007-09-13,91300.000000,93100.000000,90700.000000,92500.000000,78122.835938,590397
2007-09-14,92500.000000,93300.000000,91400.000000,92000.000000,77700.546875,296169
2007-09-17,91500.000000,92500.000000,90000.000000,91500.000000,77278.265625,272049
2007-09-18,92000.000000,92000.000000,89000.000000,89000.000000,75166.851563,297216
2007-09-19,91700.000000,94400.000000,91200.000000,94000.000000,79389.710938,547594
2007-09-20,94000.000000,94100.000000,90900.000000,93800.000000,79220.789063,505485
2007-09-21,92800.000000,93600.000000,91000.000000,93600.000000,79051.867188,436580
2007-09-27,94300.000000,96700.000000,94300.000000,96200.000000,81247.742188,598793
2007-09-28,96500.000000,97500.000000,95700.000000,97100.000000,82007.859375,338179
2007-10-01,97000.000000,98000.000000,96300.000000,97400.000000,82261.250000,190800
2007-10-02,98000.000000,99100.000000,97600.000000,98200.000000,82936.898438,380475
2007-10-04,98100.000000,98100.000000,92700.000000,93000.000000,78545.125000,952037
2007-10-05,93300.000000,93700.000000,91100.000000,93600.000000,79051.867188,453920
2007-10-08,94400.000000,94400.000000,90800.000000,91900.000000,77616.101563,620612
2007-10-09,90600.000000,91800.000000,89900.000000,90800.000000,76687.062500,395912
2007-10-10,91400.000000,92700.000000,90100.000000,90300.000000,76264.796875,485178
2007-10-11,89900.000000,90700.000000,86600.000000,88400.000000,74660.109375,1250000
2007-10-12,87500.000000,87900.000000,83000.000000,84500.000000,71366.281250,1730021
2007-10-15,85300.000000,85400.000000,82200.000000,83600.000000,70606.171875,981561
2007-10-16,83200.000000,84400.000000,81100.000000,82700.000000,69846.046875,834751
2007-10-17,81700.000000,83400.000000,80400.000000,83400.000000,70437.242188,618371
2007-10-18,84900.000000,89800.000000,84800.000000,88200.000000,74491.187500,1760179
2007-10-19,88300.000000,88300.000000,84500.000000,87000.000000,73477.695313,740216
2007-10-22,84000.000000,84300.000000,81700.000000,83500.000000,70521.695313,885790
2007-10-23,83900.000000,84300.000000,81600.000000,82500.000000,69677.132813,595209
2007-10-24,82900.000000,83000.000000,80500.000000,81900.000000,69170.390625,571804
2007-10-25,81400.000000,82700.000000,79100.000000,82000.000000,69254.843750,949000
2007-10-26,83500.000000,83900.000000,81600.000000,82100.000000,69339.296875,713832
2007-10-29,83000.000000,90100.000000,82700.000000,88100.000000,74406.726563,2240005
2007-10-30,89700.000000,92200.000000,89200.000000,90500.000000,76433.695313,1357200
2007-10-31,90500.000000,91700.000000,88900.000000,89900.000000,75926.937500,522622
2007-11-01,90500.000000,91100.000000,86900.000000,89100.000000,75251.304688,420400
2007-11-02,87100.000000,87100.000000,85000.000000,85400.000000,72126.375000,782451
2007-11-05,86000.000000,86000.000000,83600.000000,85000.000000,71788.562500,316005
2007-11-06,85100.000000,87500.000000,85100.000000,86100.000000,72717.593750,423559
2007-11-07,87300.000000,90100.000000,87200.000000,87200.000000,73646.617188,599700
2007-11-08,86200.000000,86600.000000,84300.000000,85800.000000,72464.210938,604611
2007-11-09,85200.000000,86100.000000,83400.000000,84800.000000,71619.648438,519013
2007-11-12,83800.000000,84000.000000,81600.000000,83800.000000,70775.078125,411386
2007-11-13,82700.000000,84800.000000,82700.000000,83900.000000,70859.531250,299796
2007-11-14,85300.000000,86700.000000,84600.000000,84600.000000,71450.718750,378465
2007-11-15,85400.000000,89000.000000,84700.000000,87500.000000,73899.984375,1117557
2007-11-16,88000.000000,89300.000000,87000.000000,88100.000000,74406.726563,682691
2007-11-19,88800.000000,89400.000000,86600.000000,87500.000000,73899.984375,288019
2007-11-20,86300.000000,86500.000000,83700.000000,85600.000000,72295.312500,566300
2007-11-21,84800.000000,85000.000000,81900.000000,82700.000000,69846.046875,672554
2007-11-22,81100.000000,84900.000000,81100.000000,83700.000000,70690.609375,411149
2007-11-23,83700.000000,86500.000000,83700.000000,85000.000000,71788.562500,488775
2007-11-26,85200.000000,86300.000000,84900.000000,85200.000000,71957.476563,378100
2007-11-27,84900.000000,87200.000000,83000.000000,85600.000000,72295.312500,377097
2007-11-28,85800.000000,86800.000000,83800.000000,84900.000000,71704.109375,447927
2007-11-29,85800.000000,88100.000000,85600.000000,86200.000000,72802.054688,503074
2007-11-30,86500.000000,87700.000000,86000.000000,86200.000000,72802.054688,249566
2007-12-03,85400.000000,86000.000000,83500.000000,84600.000000,71450.718750,535645
2007-12-04,84500.000000,85400.000000,83500.000000,84800.000000,71619.648438,292700
2007-12-05,84800.000000,87400.000000,84800.000000,85600.000000,72295.312500,442936
2007-12-06,87000.000000,89100.000000,87000.000000,87600.000000,73984.445313,558101
2007-12-07,88600.000000,89600.000000,87700.000000,88700.000000,74913.468750,370600
2007-12-10,89400.000000,90600.000000,88700.000000,90000.000000,76011.421875,604593
2007-12-11,90700.000000,90700.000000,88500.000000,89900.000000,75926.937500,276687
2007-12-12,89000.000000,89700.000000,87800.000000,89400.000000,75504.679688,287355
2007-12-13,89900.000000,91900.000000,88200.000000,90500.000000,76433.695313,588028
2007-12-14,89800.000000,90800.000000,87900.000000,88900.000000,75082.382813,290541
2007-12-17,88500.000000,89400.000000,87100.000000,88100.000000,74406.726563,226701
2007-12-18,88100.000000,89500.000000,87800.000000,88300.000000,74575.640625,323300
2007-12-20,88700.000000,88700.000000,86200.000000,86500.000000,73055.421875,391493
2007-12-21,85900.000000,86900.000000,84900.000000,86000.000000,72633.125000,483411
2007-12-24,86400.000000,88000.000000,86300.000000,87200.000000,73646.617188,331346
2007-12-26,87600.000000,88000.000000,86800.000000,87000.000000,73477.695313,333200
2007-12-27,87500.000000,88300.000000,86700.000000,87200.000000,74720.179688,202823
2007-12-28,87000.000000,88100.000000,86200.000000,87200.000000,74720.179688,232599
2008-01-02,86600.000000,87000.000000,84100.000000,84600.000000,72492.281250,583683
2008-01-03,84000.000000,84900.000000,83500.000000,84600.000000,72492.281250,201599
2008-01-04,84600.000000,85400.000000,83300.000000,84300.000000,72235.226563,223130
2008-01-07,82900.000000,83700.000000,81900.000000,83200.000000,71292.648438,278368
2008-01-08,82100.000000,84600.000000,82100.000000,82900.000000,71035.578125,210410
2008-01-09,82100.000000,84800.000000,81500.000000,84000.000000,71978.164063,324136
2008-01-10,83700.000000,84700.000000,83200.000000,83400.000000,71464.015625,379757
2008-01-11,83700.000000,84500.000000,80700.000000,81500.000000,69835.968750,650489
2008-01-14,80000.000000,80700.000000,78900.000000,79600.000000,68207.875000,608356
2008-01-15,79600.000000,79800.000000,76300.000000,77400.000000,66322.726563,782632
2008-01-16,76500.000000,77200.000000,75100.000000,76500.000000,65551.531250,643841
2008-01-17,76500.000000,77500.000000,74800.000000,75800.000000,64951.710938,455027
2008-01-18,74800.000000,75800.000000,73400.000000,75300.000000,64523.265625,950540
2008-01-21,74900.000000,75000.000000,72300.000000,74300.000000,63666.394531,624844
2008-01-22,72200.000000,73000.000000,71200.000000,73000.000000,62552.441406,560987
2008-01-23,74200.000000,75900.000000,73000.000000,74000.000000,63409.332031,654936
2008-01-24,74600.000000,76200.000000,74500.000000,74800.000000,64094.832031,402355
2008-01-25,76000.000000,78000.000000,75700.000000,77300.000000,66237.046875,758125
2008-01-28,76500.000000,78300.000000,75600.000000,76000.000000,65123.097656,439821
2008-01-29,77500.000000,78500.000000,76800.000000,78300.000000,67093.921875,610554
2008-01-30,77900.000000,78500.000000,75500.000000,76600.000000,65637.210938,723979
2008-01-31,77000.000000,77800.000000,75800.000000,77700.000000,66579.804688,619282
2008-02-01,77700.000000,78500.000000,75300.000000,76000.000000,65123.097656,641344
2008-02-04,75500.000000,76700.000000,75200.000000,76000.000000,65123.097656,508903
2008-02-05,76000.000000,76600.000000,74800.000000,75700.000000,64866.031250,374739
2008-02-11,74500.000000,75500.000000,74200.000000,75200.000000,64437.582031,275145
2008-02-12,75200.000000,75700.000000,74100.000000,74500.000000,63837.773438,335018
2008-02-13,74300.000000,74700.000000,72200.000000,72200.000000,61866.953125,781353
2008-02-14,72500.000000,75200.000000,72500.000000,74000.000000,63409.332031,535487
2008-02-15,73200.000000,73400.000000,72300.000000,73300.000000,62809.496094,473240
2008-02-18,73800.000000,74700.000000,72700.000000,73000.000000,62552.441406,293632
2008-02-19,73700.000000,73800.000000,71900.000000,72400.000000,62038.316406,522944
2008-02-20,72000.000000,72200.000000,69500.000000,69500.000000,59553.355469,960898
2008-02-21,70300.000000,70900.000000,69600.000000,69700.000000,59724.734375,487063
2008-02-22,70200.000000,70600.000000,69000.000000,69700.000000,59724.734375,403871
2008-02-25,70400.000000,71600.000000,69700.000000,71200.000000,61010.054688,341120
2008-02-26,71700.000000,72000.000000,70000.000000,70300.000000,60238.871094,309934
2008-02-27,71000.000000,71500.000000,70700.000000,71000.000000,60838.683594,324210
2008-02-28,71700.000000,73600.000000,71700.000000,72900.000000,62466.757813,718828
2008-02-29,73800.000000,74100.000000,72900.000000,72900.000000,62466.757813,583298
2008-03-03,71500.000000,71800.000000,70900.000000,71400.000000,61181.429688,430133
2008-03-04,71400.000000,71700.000000,70600.000000,71400.000000,61181.429688,322660
2008-03-05,69900.000000,70200.000000,69300.000000,69500.000000,59553.355469,873198
2008-03-06,69500.000000,70400.000000,69500.000000,70400.000000,60324.542969,358024
2008-03-07,69000.000000,69600.000000,68300.000000,69400.000000,59467.664063,369237
2008-03-10,68100.000000,69100.000000,68100.000000,68300.000000,58525.097656,569182
2008-03-11,68000.000000,69400.000000,67500.000000,69100.000000,59210.597656,751680
2008-03-12,70900.000000,71200.000000,69200.000000,69200.000000,59296.289063,430002
2008-03-13,68900.000000,69600.000000,68000.000000,68000.000000,58268.035156,365051
2008-03-14,69000.000000,69600.000000,67600.000000,68600.000000,58782.160156,405175
2008-03-17,68900.000000,69200.000000,67800.000000,68100.000000,58353.714844,555196
2008-03-18,69200.000000,71100.000000,68300.000000,69300.000000,59381.984375,665136
2008-03-19,71100.000000,72000.000000,70600.000000,71300.000000,61095.757813,571508
2008-03-20,70800.000000,73400.000000,70800.000000,72300.000000,61952.621094,791985
2008-03-21,73100.000000,73800.000000,72100.000000,72500.000000,62124.000000,521971
2008-03-24,72800.000000,73400.000000,72500.000000,73200.000000,62723.820313,303830
2008-03-25,73700.000000,75200.000000,73100.000000,74400.000000,63752.078125,727102
2008-03-26,74500.000000,74700.000000,74100.000000,74500.000000,63837.773438,478676
2008-03-27,74100.000000,75700.000000,73600.000000,75000.000000,64266.210938,608634
2008-03-28,75000.000000,77200.000000,74800.000000,77000.000000,65980.000000,1268902
2008-03-31,76400.000000,77900.000000,76400.000000,77200.000000,66151.351563,653723
2008-04-01,76600.000000,77200.000000,75400.000000,76400.000000,65465.855469,471574
2008-04-02,77300.000000,79200.000000,77200.000000,78700.000000,67436.671875,1121172
2008-04-03,78700.000000,79900.000000,78300.000000,78300.000000,67093.921875,662725
2008-04-04,78300.000000,78300.000000,76700.000000,77600.000000,66494.101563,379150
2008-04-07,77000.000000,77800.000000,76400.000000,77000.000000,65980.000000,436169
2008-04-08,76800.000000,77200.000000,75800.000000,76600.000000,65637.210938,403564
2008-04-10,77100.000000,78500.000000,76700.000000,77800.000000,66665.492188,546883
2008-04-11,78100.000000,81400.000000,78000.000000,81000.000000,69407.507813,1245938
2008-04-14,80100.000000,83500.000000,80100.000000,82700.000000,70864.203125,897162
2008-04-15,82700.000000,83600.000000,81200.000000,82700.000000,70864.203125,597223
2008-04-16,82200.000000,82400.000000,81400.000000,82000.000000,70264.390625,452737
2008-04-17,82500.000000,82700.000000,81100.000000,82200.000000,70435.781250,478171
2008-04-18,82400.000000,82600.000000,81500.000000,82200.000000,70435.781250,607251
2008-04-21,82700.000000,84400.000000,82100.000000,83200.000000,71292.648438,1176983
2008-04-22,83600.000000,85400.000000,83400.000000,85000.000000,72835.039063,935944
2008-04-23,84200.000000,85600.000000,83000.000000,83200.000000,71292.648438,546740
2008-04-24,83200.000000,84000.000000,81800.000000,82400.000000,70607.140625,350828
2008-04-25,82500.000000,85600.000000,82500.000000,85500.000000,73263.476563,613406
2008-04-28,86100.000000,87500.000000,85500.000000,86300.000000,73948.984375,368936
2008-04-29,87000.000000,91000.000000,85700.000000,89000.000000,76262.570313,1033181
2008-04-30,89200.000000,92200.000000,89000.000000,91900.000000,78747.539063,831342
2008-05-01,null,null,null,null,null,null
2008-05-02,92900.000000,95500.000000,92700.000000,94800.000000,81232.476563,1151955
2008-05-05,null,null,null,null,null,null
2008-05-06,95300.000000,95700.000000,93200.000000,94300.000000,80804.062500,500272
2008-05-07,94100.000000,96500.000000,94100.000000,95100.000000,81489.546875,389608
2008-05-08,94100.000000,96500.000000,93300.000000,93600.000000,80204.234375,377841
2008-05-09,94500.000000,94600.000000,91600.000000,93600.000000,80204.234375,387405
2008-05-12,null,null,null,null,null,null
2008-05-13,93500.000000,96000.000000,92900.000000,96000.000000,82260.742188,446542
2008-05-14,95900.000000,96500.000000,93600.000000,95400.000000,81746.617188,371502
2008-05-15,94700.000000,98300.000000,94700.000000,98200.000000,84145.898438,480174
2008-05-16,97500.000000,99200.000000,96400.000000,97000.000000,83117.640625,317544
2008-05-19,97300.000000,97600.000000,93200.000000,94400.000000,80889.726563,623320
2008-05-20,94400.000000,94400.000000,91400.000000,92000.000000,78833.210938,604669
2008-05-21,91000.000000,93500.000000,90500.000000,91900.000000,78747.539063,481231
2008-05-22,90900.000000,92800.000000,88900.000000,91500.000000,78404.765625,429456
2008-05-23,91400.000000,91900.000000,89800.000000,91200.000000,78147.726563,331420
2008-05-26,90200.000000,91300.000000,88400.000000,90300.000000,77376.523438,327783
2008-05-27,90600.000000,91200.000000,89300.000000,90600.000000,77633.585938,245910
2008-05-28,90100.000000,90600.000000,87500.000000,87600.000000,75062.929688,558545
2008-05-29,88200.000000,90800.000000,88000.000000,90300.000000,77376.523438,483086
2008-05-30,91100.000000,92000.000000,90300.000000,91800.000000,78661.835938,416260
2008-06-02,92000.000000,92500.000000,89100.000000,89300.000000,76519.625000,425880
2008-06-03,88500.000000,89300.000000,86100.000000,86400.000000,74034.679688,573206
2008-06-04,86400.000000,88600.000000,86200.000000,87700.000000,75148.625000,353428
2008-06-05,87300.000000,88600.000000,86400.000000,88400.000000,75748.445313,328926
2008-06-06,null,null,null,null,null,null
2008-06-09,85600.000000,88200.000000,85600.000000,87200.000000,74720.179688,299694
2008-06-10,87000.000000,87200.000000,84100.000000,85700.000000,73434.851563,467254
2008-06-11,86500.000000,87100.000000,85000.000000,86600.000000,74206.046875,338036
2008-06-12,85400.000000,85900.000000,84000.000000,84000.000000,71978.164063,446681
2008-06-13,84600.000000,86500.000000,83300.000000,85700.000000,73434.851563,517657
2008-06-16,87500.000000,90100.000000,86300.000000,90000.000000,77119.453125,776978
2008-06-17,90900.000000,91300.000000,89900.000000,91000.000000,77976.328125,537412
2008-06-18,91000.000000,92200.000000,89700.000000,91000.000000,77976.328125,350653
2008-06-19,90000.000000,90000.000000,88900.000000,90000.000000,77119.453125,254368
2008-06-20,90100.000000,90600.000000,87000.000000,89200.000000,76433.953125,371474
2008-06-23,88000.000000,88600.000000,87500.000000,88100.000000,75491.375000,387196
2008-06-24,87300.000000,89200.000000,87100.000000,88400.000000,75748.445313,306697
2008-06-25,88800.000000,89300.000000,87400.000000,89000.000000,76262.570313,297261
2008-06-26,89000.000000,89200.000000,87800.000000,88800.000000,76091.187500,210425
2008-06-27,87000.000000,87100.000000,84900.000000,85700.000000,73434.851563,530649
2008-06-30,84800.000000,85500.000000,83400.000000,84700.000000,72577.968750,398818
2008-07-01,83800.000000,84500.000000,81400.000000,82700.000000,70864.203125,694820
2008-07-02,83500.000000,83800.000000,80600.000000,81800.000000,70093.007813,366018
2008-07-03,80800.000000,82300.000000,80400.000000,81500.000000,69835.968750,403055
2008-07-04,81500.000000,82800.000000,80800.000000,80800.000000,69236.117188,252323
2008-07-07,80500.000000,82800.000000,79400.000000,81300.000000,69664.562500,330444
2008-07-08,80800.000000,81300.000000,78500.000000,79700.000000,68293.546875,407914
2008-07-09,80700.000000,80900.000000,76900.000000,78000.000000,66836.867188,741328
2008-07-10,78000.000000,78500.000000,76700.000000,78000.000000,66836.867188,595706
2008-07-11,78600.000000,79600.000000,77000.000000,78900.000000,67608.054688,475899
2008-07-14,78900.000000,79300.000000,77600.000000,78200.000000,67008.250000,314480
2008-07-15,77700.000000,78000.000000,75600.000000,76400.000000,65465.855469,313612
2008-07-16,76200.000000,77900.000000,76000.000000,77000.000000,65980.000000,303200
2008-07-17,78300.000000,78900.000000,77000.000000,77000.000000,65980.000000,274829
2008-07-18,78000.000000,79100.000000,76900.000000,77300.000000,66237.046875,253365
2008-07-21,78300.000000,80400.000000,78200.000000,79800.000000,68379.257813,533701
2008-07-22,79300.000000,80800.000000,79300.000000,80300.000000,68807.695313,191322
2008-07-23,81000.000000,83300.000000,80500.000000,81800.000000,70093.007813,836718
2008-07-24,82200.000000,85400.000000,82200.000000,85000.000000,72835.039063,746643
2008-07-25,84000.000000,85500.000000,83100.000000,84900.000000,72749.359375,468777
2008-07-28,85200.000000,85800.000000,84100.000000,85800.000000,73520.539063,324108
2008-07-29,84000.000000,86800.000000,82000.000000,86100.000000,73777.625000,704971
2008-07-30,88000.000000,90100.000000,87300.000000,88800.000000,76091.187500,824265
2008-07-31,90500.000000,90500.000000,87500.000000,88700.000000,76005.500000,511832
2008-08-01,89000.000000,89200.000000,86700.000000,88000.000000,75405.687500,348362
2008-08-04,88900.000000,88900.000000,85000.000000,87300.000000,74805.882813,278077
2008-08-05,86000.000000,88900.000000,86000.000000,87500.000000,74977.250000,412283
2008-08-06,88600.000000,90000.000000,87500.000000,88500.000000,75834.125000,388471
2008-08-07,89000.000000,90000.000000,87500.000000,88100.000000,75491.375000,460394
2008-08-08,88400.000000,90800.000000,88100.000000,89500.000000,76691.023438,388188
2008-08-11,90500.000000,91500.000000,90000.000000,90000.000000,77119.453125,313829
2008-08-12,91500.000000,91500.000000,88800.000000,88800.000000,76091.187500,194764
2008-08-13,88900.000000,89800.000000,88000.000000,89300.000000,76519.625000,221758
2008-08-14,89500.000000,90600.000000,88500.000000,88900.000000,76176.882813,325255
2008-08-15,null,null,null,null,null,null
2008-08-18,88900.000000,88900.000000,86500.000000,88500.000000,75834.125000,398215
2008-08-19,88400.000000,88500.000000,86400.000000,88200.000000,75577.070313,271716
2008-08-20,88300.000000,89800.000000,88000.000000,88600.000000,75919.804688,305919
2008-08-21,90000.000000,90000.000000,88200.000000,89000.000000,76262.570313,227122
2008-08-22,89700.000000,90000.000000,87200.000000,90000.000000,77119.453125,349901
2008-08-25,90000.000000,90500.000000,88400.000000,89100.000000,76348.265625,261316
2008-08-26,88000.000000,90900.000000,87800.000000,90900.000000,77890.656250,506394
2008-08-27,91000.000000,91500.000000,88700.000000,90500.000000,77547.882813,365318
2008-08-28,90000.000000,90300.000000,87700.000000,89900.000000,77033.757813,305136
2008-08-29,90900.000000,92000.000000,90400.000000,91000.000000,77976.328125,395731
2008-09-01,90000.000000,92300.000000,89700.000000,91200.000000,78147.726563,445464
2008-09-02,91200.000000,92100.000000,90700.000000,92000.000000,78833.210938,470540
2008-09-03,91100.000000,94000.000000,89600.000000,90600.000000,77633.585938,477401
2008-09-04,91700.000000,92000.000000,89000.000000,91600.000000,78490.453125,246300
2008-09-05,90800.000000,91900.000000,89100.000000,91000.000000,77976.328125,381759
2008-09-08,91600.000000,93900.000000,91600.000000,93900.000000,80461.296875,545043
2008-09-09,93500.000000,93700.000000,89800.000000,90000.000000,77119.453125,545383
2008-09-10,89900.000000,90000.000000,85100.000000,86300.000000,73948.984375,1132219
2008-09-11,86400.000000,87700.000000,84000.000000,86000.000000,73691.914063,1229429
2008-09-12,87300.000000,87700.000000,85500.000000,86200.000000,73863.312500,394388
2008-09-15,null,null,null,null,null,null
2008-09-16,81000.000000,85700.000000,81000.000000,85000.000000,72835.039063,541287
2008-09-17,86100.000000,86200.000000,83500.000000,84200.000000,72149.531250,618299
2008-09-18,82400.000000,82500.000000,80300.000000,81200.000000,69578.882813,340
2008-09-19,83500.000000,88000.000000,83200.000000,84900.000000,72749.359375,612119
2008-09-22,85800.000000,88400.000000,84300.000000,87000.000000,74548.804688,447768
2008-09-23,87400.000000,89900.000000,86900.000000,89700.000000,76862.382813,512618
2008-09-24,90100.000000,92500.000000,89100.000000,91000.000000,77976.328125,454691
2008-09-25,90700.000000,91800.000000,88500.000000,90800.000000,77804.945313,302943
2008-09-26,91100.000000,92700.000000,89900.000000,91400.000000,78319.093750,249468
2008-09-29,91000.000000,92200.000000,89500.000000,91200.000000,78147.726563,366692
2008-09-30,88800.000000,93200.000000,87000.000000,91900.000000,78747.539063,467479
2008-10-01,91500.000000,91900.000000,89900.000000,91600.000000,78490.453125,611251
2008-10-02,91500.000000,94200.000000,91500.000000,93600.000000,80204.234375,654968
2008-10-03,null,null,null,null,null,null
2008-10-06,92000.000000,93000.000000,88500.000000,92800.000000,79518.726563,576198
2008-10-07,91400.000000,94400.000000,91200.000000,93600.000000,80204.234375,598027
2008-10-08,93900.000000,95400.000000,92100.000000,93600.000000,80204.234375,726152
2008-10-09,91200.000000,96000.000000,91200.000000,94900.000000,81318.179688,505414
2008-10-10,93000.000000,93500.000000,87600.000000,90000.000000,77119.453125,524980
2008-10-13,92700.000000,92900.000000,86000.000000,86700.000000,74291.734375,831861
2008-10-14,90100.000000,90800.000000,87100.000000,89100.000000,76348.265625,475598
2008-10-15,87400.000000,91300.000000,87300.000000,90800.000000,77804.945313,416727
2008-10-16,88400.000000,88400.000000,82900.000000,86300.000000,73948.984375,639049
2008-10-17,86300.000000,88900.000000,83000.000000,85100.000000,72920.726563,608002
2008-10-20,85800.000000,90800.000000,84800.000000,90100.000000,77205.156250,595049
2008-10-21,90900.000000,91200.000000,87700.000000,87700.000000,75148.625000,319565
2008-10-22,86200.000000,88800.000000,80700.000000,83000.000000,71121.257813,504620
2008-10-23,78000.000000,82700.000000,75700.000000,80100.000000,68636.304688,584365
2008-10-24,79600.000000,79800.000000,68100.000000,69200.000000,59296.289063,647212
2008-10-27,70400.000000,77600.000000,67500.000000,77600.000000,66494.101563,958043
2008-10-28,71500.000000,81900.000000,71100.000000,79400.000000,68036.500000,1115061
2008-10-29,81800.000000,83400.000000,74700.000000,75000.000000,64266.210938,797711
2008-10-30,80900.000000,82900.000000,75200.000000,80000.000000,68550.632813,1219747
2008-10-31,74000.000000,79000.000000,71900.000000,73100.000000,62638.136719,2807354
2008-11-03,77000.000000,77800.000000,73700.000000,76000.000000,65123.097656,1633470
2008-11-04,76900.000000,78400.000000,76300.000000,77900.000000,66751.179688,852145
2008-11-05,79500.000000,81300.000000,77800.000000,79600.000000,68207.875000,1183664
2008-11-06,76000.000000,76500.000000,72900.000000,74600.000000,63923.445313,1137049
2008-11-07,71500.000000,76100.000000,71300.000000,75700.000000,64866.031250,913098
2008-11-10,76000.000000,77000.000000,73500.000000,76400.000000,65465.855469,484727
2008-11-11,75200.000000,79000.000000,73600.000000,77100.000000,66065.664063,630778
2008-11-12,76000.000000,80100.000000,75900.000000,78000.000000,66836.867188,657392
2008-11-13,75600.000000,79900.000000,75600.000000,79000.000000,67693.742188,668796
2008-11-14,80400.000000,80400.000000,76800.000000,77300.000000,66237.046875,681375
2008-11-17,76800.000000,79400.000000,75100.000000,77600.000000,66494.101563,531087
2008-11-18,76300.000000,79000.000000,75700.000000,75900.000000,65037.410156,361425
2008-11-19,75500.000000,75900.000000,71300.000000,74500.000000,63837.773438,414621
2008-11-20,71400.000000,72700.000000,68800.000000,70600.000000,60495.917969,432023
2008-11-21,70400.000000,75700.000000,68700.000000,73900.000000,63323.648438,444782
2008-11-24,73500.000000,73500.000000,65000.000000,65000.000000,55697.382813,783973
2008-11-25,68000.000000,68400.000000,55300.000000,55300.000000,47385.625000,2598140
2008-11-26,57000.000000,61400.000000,54600.000000,58000.000000,49699.207031,1736648
2008-11-27,61100.000000,63500.000000,60200.000000,63000.000000,53983.621094,962178
2008-11-28,63000.000000,63300.000000,60700.000000,61900.000000,53041.042969,1350899
2008-12-01,62100.000000,62200.000000,59100.000000,59800.000000,51241.589844,288567
2008-12-02,56100.000000,57900.000000,55100.000000,56000.000000,47985.433594,714597
2008-12-03,57100.000000,57500.000000,50000.000000,50000.000000,42844.140625,3095318
2008-12-04,51900.000000,53900.000000,51400.000000,53300.000000,45671.851563,1612944
2008-12-05,53800.000000,57400.000000,53600.000000,56800.000000,48670.949219,1044727
2008-12-08,58800.000000,61500.000000,58300.000000,61500.000000,52698.296875,1095172
2008-12-09,62000.000000,63500.000000,60000.000000,62500.000000,53555.171875,1095143
2008-12-10,63500.000000,69900.000000,62300.000000,66300.000000,56811.332031,1814833
2008-12-11,67000.000000,67900.000000,64300.000000,65000.000000,55697.382813,1255672
2008-12-12,64000.000000,67900.000000,61900.000000,61900.000000,53041.042969,722324
2008-12-15,63000.000000,65900.000000,62300.000000,65200.000000,55868.761719,709477
2008-12-16,66000.000000,70900.000000,65400.000000,68500.000000,58696.464844,799491
2008-12-17,70400.000000,71700.000000,69300.000000,70700.000000,60581.617188,720971
2008-12-18,71300.000000,74000.000000,70600.000000,72300.000000,61952.621094,501152
2008-12-19,72100.000000,74900.000000,70000.000000,72000.000000,61695.574219,718992
2008-12-22,72000.000000,72700.000000,68500.000000,70700.000000,60581.617188,563075
2008-12-23,68500.000000,69400.000000,65500.000000,66200.000000,56725.644531,432337
2008-12-24,65400.000000,66100.000000,62000.000000,64100.000000,54926.187500,396505
2008-12-25,null,null,null,null,null,null
2008-12-26,64100.000000,64900.000000,62900.000000,63800.000000,54669.128906,234943
2008-12-29,63100.000000,64500.000000,61100.000000,63300.000000,55104.394531,297681
2008-12-30,63300.000000,64300.000000,62600.000000,63100.000000,54930.281250,318597
2008-12-31,null,null,null,null,null,null
2009-01-02,64200.000000,70000.000000,63700.000000,70000.000000,60936.914063,521932
2009-01-05,71800.000000,71800.000000,67600.000000,68600.000000,59718.183594,627874
2009-01-06,69800.000000,70700.000000,67400.000000,68000.000000,59195.871094,637482
2009-01-07,68800.000000,71200.000000,68000.000000,70000.000000,60936.914063,717584
2009-01-08,69400.000000,69500.000000,65200.000000,65300.000000,56845.441406,1373760
2009-01-09,67000.000000,68500.000000,65900.000000,66000.000000,57454.804688,988854
2009-01-12,65400.000000,68000.000000,65000.000000,65000.000000,56584.285156,557530
2009-01-13,63700.000000,64500.000000,61800.000000,63000.000000,54843.234375,1382614
2009-01-14,63500.000000,67000.000000,62100.000000,66900.000000,58238.281250,1144762
2009-01-15,64200.000000,65000.000000,61600.000000,62600.000000,54495.015625,723830
2009-01-16,62500.000000,66300.000000,62400.000000,64400.000000,56061.968750,702564
2009-01-19,65500.000000,65900.000000,63700.000000,64800.000000,56410.179688,577094
2009-01-20,64400.000000,64400.000000,62100.000000,63100.000000,54930.281250,411849
2009-01-21,60400.000000,62300.000000,59100.000000,61400.000000,53450.390625,588674
2009-01-22,62500.000000,62800.000000,59800.000000,60700.000000,52841.011719,583816
2009-01-23,59700.000000,62000.000000,58700.000000,60000.000000,52231.652344,483996
2009-01-28,61400.000000,64900.000000,61300.000000,64000.000000,55713.750000,536344
2009-01-29,64200.000000,65800.000000,64200.000000,65000.000000,56584.285156,559001
2009-01-30,63900.000000,66300.000000,63400.000000,65200.000000,56758.394531,682923
2009-02-02,64000.000000,69700.000000,63900.000000,68000.000000,59195.871094,1136498
2009-02-03,69000.000000,71800.000000,68100.000000,70200.000000,61111.023438,988394
2009-02-04,71700.000000,75000.000000,71000.000000,73300.000000,63809.648438,881224
2009-02-05,73300.000000,75200.000000,72600.000000,73300.000000,63809.648438,570023
2009-02-06,77300.000000,77300.000000,74000.000000,75900.000000,66073.039063,504555
2009-02-09,76600.000000,78600.000000,74000.000000,76000.000000,66160.093750,569552
2009-02-10,78000.000000,78300.000000,75100.000000,75100.000000,65376.601563,462828
2009-02-11,73000.000000,76600.000000,72100.000000,74700.000000,65028.406250,402829
2009-02-12,74700.000000,74800.000000,73000.000000,74800.000000,65115.449219,417739
2009-02-13,75000.000000,76400.000000,74300.000000,75500.000000,65724.812500,235986
2009-02-16,75000.000000,78200.000000,74700.000000,76000.000000,66160.093750,317418
2009-02-17,75500.000000,75900.000000,71900.000000,73500.000000,63983.761719,357511
2009-02-18,73000.000000,73000.000000,70400.000000,72200.000000,62852.093750,452106
2009-02-19,71300.000000,74400.000000,70200.000000,74000.000000,64419.039063,445575
2009-02-20,73800.000000,74800.000000,71100.000000,71900.000000,62590.921875,277098
2009-02-23,72800.000000,75200.000000,71300.000000,74800.000000,65115.449219,296762
2009-02-24,73000.000000,75900.000000,71800.000000,75000.000000,65289.566406,416581
2009-02-25,77000.000000,77600.000000,75600.000000,76900.000000,66943.546875,373830
2009-02-26,77900.000000,79900.000000,73000.000000,75800.000000,65985.976563,392471
2009-02-27,76300.000000,77300.000000,73200.000000,74500.000000,64854.296875,391576
2009-03-02,72900.000000,73000.000000,69300.000000,71200.000000,61981.558594,460594
2009-03-03,70400.000000,75700.000000,70000.000000,74500.000000,64854.296875,454652
2009-03-04,74600.000000,76300.000000,73500.000000,75500.000000,65724.812500,364979
2009-03-05,76500.000000,79500.000000,74900.000000,77000.000000,67030.632813,793704
2009-03-06,75300.000000,79100.000000,75300.000000,77700.000000,67639.992188,370580
2009-03-09,78200.000000,81100.000000,77600.000000,78700.000000,68510.515625,379031
2009-03-10,78200.000000,80500.000000,77500.000000,78700.000000,68510.515625,442636
2009-03-11,80900.000000,80900.000000,77200.000000,78000.000000,67901.140625,814898
2009-03-12,79200.000000,79200.000000,74700.000000,76300.000000,66421.226563,1273319
2009-03-13,77000.000000,77500.000000,74900.000000,75700.000000,65898.929688,675928
2009-03-16,76000.000000,80300.000000,75600.000000,79000.000000,68771.671875,763314
2009-03-17,80000.000000,80800.000000,78000.000000,78200.000000,68075.250000,591746
2009-03-18,79000.000000,80600.000000,78600.000000,80200.000000,69816.304688,772314
2009-03-19,80200.000000,80300.000000,78100.000000,79000.000000,68771.671875,346769
2009-03-20,79000.000000,81800.000000,78900.000000,80400.000000,69990.414063,355773
2009-03-23,81300.000000,81900.000000,80700.000000,81700.000000,71122.109375,40224
2009-03-24,83500.000000,85100.000000,83000.000000,84300.000000,73385.468750,487721
2009-03-25,84200.000000,85100.000000,80400.000000,80700.000000,70251.570313,727489
2009-03-26,81000.000000,82600.000000,80000.000000,80600.000000,70164.523438,704283
2009-03-27,81500.000000,84000.000000,78800.000000,78800.000000,68597.554688,876194
2009-03-30,79800.000000,80300.000000,77600.000000,78400.000000,68249.343750,486342
2009-03-31,79600.000000,81800.000000,79000.000000,79600.000000,69293.984375,783346
2009-04-01,80500.000000,83500.000000,79600.000000,83500.000000,72689.039063,886650
2009-04-02,84800.000000,85700.000000,83200.000000,84400.000000,73472.515625,741229
2009-04-03,84100.000000,84600.000000,81000.000000,81900.000000,71296.203125,1299446
2009-04-06,79500.000000,82600.000000,79100.000000,81300.000000,70773.875000,1885987
2009-04-07,81700.000000,85400.000000,80600.000000,85000.000000,73994.835938,918094
2009-04-08,84500.000000,87700.000000,84200.000000,84500.000000,73559.578125,621629
2009-04-09,86000.000000,91700.000000,84100.000000,89500.000000,77912.218750,920757
2009-04-10,89800.000000,91600.000000,88100.000000,88300.000000,76867.570313,478561
2009-04-13,90300.000000,94500.000000,89700.000000,92000.000000,80088.523438,653535
2009-04-14,92000.000000,94500.000000,90100.000000,92000.000000,80088.523438,405327
2009-04-15,89000.000000,92900.000000,89000.000000,92100.000000,80175.578125,398297
2009-04-16,94000.000000,94700.000000,89500.000000,89500.000000,77912.218750,591903
2009-04-17,91000.000000,94300.000000,89900.000000,94000.000000,81829.593750,747447
2009-04-20,94200.000000,94700.000000,91400.000000,91800.000000,79914.421875,423355
2009-04-21,91100.000000,92800.000000,90200.000000,92400.000000,80436.757813,332947
2009-04-22,93500.000000,94800.000000,91300.000000,93600.000000,81481.367188,381644
2009-04-23,95300.000000,95900.000000,92500.000000,94600.000000,82351.890625,453238
2009-04-24,94600.000000,96200.000000,94000.000000,94700.000000,82438.953125,381639
2009-04-27,95300.000000,98900.000000,94700.000000,95400.000000,83048.304688,560252
2009-04-28,98500.000000,99500.000000,94900.000000,95200.000000,82874.218750,611750
2009-04-29,96000.000000,97400.000000,92800.000000,97100.000000,84528.203125,561738
2009-04-30,98300.000000,103500.000000,97800.000000,98200.000000,85485.796875,753133
2009-05-04,100500.000000,102000.000000,99500.000000,101500.000000,88358.546875,451798
2009-05-06,101500.000000,101500.000000,97800.000000,98700.000000,85921.062500,607875
2009-05-07,100000.000000,100500.000000,95000.000000,97900.000000,85224.640625,474463
2009-05-08,99000.000000,99500.000000,94600.000000,96200.000000,83744.734375,566160
2009-05-11,96100.000000,96700.000000,94000.000000,94800.000000,82525.992188,490070
2009-05-12,94700.000000,99300.000000,94500.000000,99000.000000,86182.218750,588370
2009-05-13,100000.000000,105500.000000,98400.000000,103000.000000,89664.320313,752432
2009-05-14,101500.000000,111500.000000,101000.000000,106000.000000,92275.921875,1241000
2009-05-15,108000.000000,112000.000000,102500.000000,104000.000000,90534.851563,783047
2009-05-18,103000.000000,110500.000000,102500.000000,107000.000000,93146.437500,736318
2009-05-19,110000.000000,114000.000000,108000.000000,109000.000000,94887.500000,837184
2009-05-20,108000.000000,115500.000000,105500.000000,113000.000000,98369.601563,739302
2009-05-21,115500.000000,119000.000000,112000.000000,113500.000000,98804.851563,921780
2009-05-22,111500.000000,115500.000000,104000.000000,104000.000000,90534.851563,834298
2009-05-25,105500.000000,110000.000000,102500.000000,108500.000000,94452.226563,627267
2009-05-26,111000.000000,114500.000000,105000.000000,108500.000000,94452.226563,481925
2009-05-27,112500.000000,115000.000000,109000.000000,114000.000000,99240.140625,475945
2009-05-28,114000.000000,123000.000000,112500.000000,120500.000000,104898.546875,776975
2009-05-29,119000.000000,119000.000000,112000.000000,118000.000000,102722.234375,1107366
2009-06-01,114500.000000,115500.000000,109000.000000,111000.000000,96628.531250,1024833
2009-06-02,110500.000000,113000.000000,102500.000000,103500.000000,90099.585938,1819560
2009-06-03,105000.000000,107500.000000,101500.000000,104000.000000,90534.851563,1171296
2009-06-04,104000.000000,108500.000000,103000.000000,103500.000000,90099.585938,829609
2009-06-05,104500.000000,105500.000000,99200.000000,102000.000000,88793.796875,769484
2009-06-08,101000.000000,103500.000000,97600.000000,98500.000000,85746.945313,651002
2009-06-09,100000.000000,103000.000000,99300.000000,101000.000000,87923.281250,831881
2009-06-10,101500.000000,106500.000000,100500.000000,105000.000000,91405.367188,718518
2009-06-11,104000.000000,105000.000000,101000.000000,102000.000000,88793.796875,729964
2009-06-12,103000.000000,105000.000000,102000.000000,104000.000000,90534.851563,708162
2009-06-15,105000.000000,105000.000000,100500.000000,101000.000000,87923.281250,563442
2009-06-16,99600.000000,102500.000000,98900.000000,102000.000000,88793.796875,360296
2009-06-17,100000.000000,102500.000000,99600.000000,100000.000000,87052.742188,359043
2009-06-18,101000.000000,103500.000000,99900.000000,102000.000000,88793.796875,473230
2009-06-19,104000.000000,108000.000000,104000.000000,108000.000000,94016.953125,741623
2009-06-22,108000.000000,109000.000000,105500.000000,108500.000000,94452.226563,571439
2009-06-23,105500.000000,109000.000000,104500.000000,108500.000000,94452.226563,568602
2009-06-24,109000.000000,112500.000000,107000.000000,107500.000000,93581.703125,385321
2009-06-25,109000.000000,113000.000000,107500.000000,110500.000000,96193.289063,481994
2009-06-26,111000.000000,115500.000000,111000.000000,114500.000000,99675.398438,612599
2009-06-29,115500.000000,115500.000000,110500.000000,114000.000000,99240.140625,423781
2009-06-30,113000.000000,114500.000000,108500.000000,111500.000000,97063.820313,462632
2009-07-01,109500.000000,112000.000000,107500.000000,108500.000000,94452.226563,452408
2009-07-02,110000.000000,111000.000000,108000.000000,109000.000000,94887.500000,365912
2009-07-03,106500.000000,108000.000000,105500.000000,107500.000000,93581.703125,370965
2009-07-06,107000.000000,112000.000000,105000.000000,111500.000000,97063.820313,674474
2009-07-07,111500.000000,113500.000000,109500.000000,113000.000000,98369.601563,479282
2009-07-08,112000.000000,115500.000000,110500.000000,115500.000000,100545.906250,545734
2009-07-09,115500.000000,120500.000000,113500.000000,118500.000000,103157.515625,743584
2009-07-10,118500.000000,119000.000000,114000.000000,115000.000000,100110.648438,459791
2009-07-13,116500.000000,119000.000000,112000.000000,112000.000000,97499.070313,792145
2009-07-14,114000.000000,117500.000000,112500.000000,115500.000000,100545.906250,565533
2009-07-15,117000.000000,117500.000000,113000.000000,116000.000000,100981.195313,957188
2009-07-16,115000.000000,115500.000000,112000.000000,115000.000000,100110.648438,792070
2009-07-17,115500.000000,118000.000000,114000.000000,115500.000000,100545.906250,522020
2009-07-20,116000.000000,122000.000000,115500.000000,121500.000000,105769.093750,834417
2009-07-21,122000.000000,126500.000000,121000.000000,122500.000000,106639.617188,802212
2009-07-22,123500.000000,125500.000000,122500.000000,125000.000000,108815.921875,443952
2009-07-23,124000.000000,126500.000000,121500.000000,124500.000000,108380.687500,442653
2009-07-24,124000.000000,125000.000000,122500.000000,124000.000000,107945.406250,397222
2009-07-27,124500.000000,127500.000000,123000.000000,125000.000000,108815.921875,652437
2009-07-28,127000.000000,127500.000000,119500.000000,122500.000000,106639.617188,613788
2009-07-29,124000.000000,125500.000000,119500.000000,120000.000000,104463.304688,563284
2009-07-30,120000.000000,126000.000000,117500.000000,124500.000000,108380.687500,708033
2009-07-31,125000.000000,129500.000000,123000.000000,129500.000000,112733.312500,596812
2009-08-03,131000.000000,139000.000000,130000.000000,134000.000000,116650.687500,735357
2009-08-04,133500.000000,140000.000000,132500.000000,136000.000000,118391.742188,437084
2009-08-05,135000.000000,135000.000000,130000.000000,130000.000000,113168.570313,462414
2009-08-06,129000.000000,132500.000000,128000.000000,132500.000000,115344.890625,372291
2009-08-07,130500.000000,134500.000000,130500.000000,134500.000000,117085.960938,350370
2009-08-10,136500.000000,137000.000000,132000.000000,132000.000000,114909.609375,425572
2009-08-11,130500.000000,131000.000000,126000.000000,127500.000000,110992.265625,1193906
2009-08-12,126500.000000,128500.000000,124000.000000,126500.000000,110121.734375,747913
2009-08-13,128000.000000,134000.000000,127500.000000,130500.000000,113603.828125,873663
2009-08-14,132000.000000,133000.000000,128000.000000,129000.000000,112298.046875,458962
2009-08-17,128000.000000,132000.000000,125000.000000,126500.000000,110121.734375,529680
2009-08-18,125000.000000,130500.000000,124500.000000,129500.000000,112733.312500,485572
2009-08-19,130000.000000,136000.000000,129000.000000,131500.000000,114474.367188,854521
2009-08-20,134000.000000,139500.000000,133000.000000,139500.000000,121438.570313,748933
2009-08-21,140000.000000,141500.000000,137000.000000,140000.000000,121873.828125,671775
2009-08-24,143000.000000,145000.000000,140000.000000,144500.000000,125791.218750,539237
2009-08-25,143000.000000,144500.000000,138000.000000,138000.000000,120132.796875,746413
2009-08-26,137500.000000,139000.000000,135000.000000,137000.000000,119262.250000,451019
2009-08-27,133500.000000,137500.000000,133000.000000,135500.000000,117956.484375,616239
2009-08-28,141500.000000,148000.000000,139500.000000,147000.000000,127967.523438,1198888
2009-08-31,135000.000000,140500.000000,126500.000000,132500.000000,115344.890625,4271428
2009-09-01,135000.000000,140500.000000,129500.000000,139500.000000,121438.570313,2489893
2009-09-02,135500.000000,150000.000000,133000.000000,144500.000000,125791.218750,2460638
2009-09-03,146500.000000,148000.000000,138000.000000,141000.000000,122744.351563,1100329
2009-09-04,140500.000000,141500.000000,136000.000000,136500.000000,118826.968750,1212009
2009-09-07,138000.000000,142500.000000,134000.000000,141500.000000,123179.632813,1126148
2009-09-08,142500.000000,149000.000000,140000.000000,146000.000000,127097.000000,1279801
2009-09-09,146000.000000,146500.000000,139000.000000,142500.000000,124050.164063,721512
2009-09-10,142500.000000,144000.000000,138500.000000,144000.000000,125355.984375,1294732
2009-09-11,142000.000000,145000.000000,139000.000000,139500.000000,121438.570313,1062204
2009-09-14,139500.000000,143500.000000,136000.000000,141000.000000,122744.351563,880729
2009-09-15,142000.000000,150000.000000,141000.000000,148500.000000,129273.304688,1089489
2009-09-16,151000.000000,159500.000000,149500.000000,158000.000000,137543.343750,1587073
2009-09-17,160000.000000,163000.000000,154500.000000,157500.000000,137108.046875,1303566
2009-09-18,157500.000000,162500.000000,156500.000000,159500.000000,138849.140625,709961
2009-09-21,161500.000000,161500.000000,157000.000000,160000.000000,139284.406250,354706
2009-09-22,163000.000000,174000.000000,162500.000000,172500.000000,150165.984375,997151
2009-09-23,170500.000000,181000.000000,167500.000000,176500.000000,153648.125000,986144
2009-09-24,177500.000000,181500.000000,172000.000000,177500.000000,154518.609375,671550
2009-09-25,174000.000000,183500.000000,171000.000000,183000.000000,159306.500000,772646
2009-09-28,183000.000000,185000.000000,175000.000000,175000.000000,152342.312500,675748
2009-09-29,176000.000000,177500.000000,167500.000000,170000.000000,147989.671875,1043018
2009-09-30,170000.000000,174000.000000,164000.000000,165500.000000,144072.296875,886997
2009-10-01,167000.000000,169000.000000,155500.000000,162000.000000,141025.453125,1185438
2009-10-05,158000.000000,160500.000000,154000.000000,157000.000000,136672.828125,1188575
2009-10-06,160000.000000,161500.000000,155000.000000,155500.000000,135367.015625,785926
2009-10-07,158500.000000,160500.000000,145000.000000,147000.000000,127967.523438,1292577
2009-10-08,149500.000000,154000.000000,146500.000000,154000.000000,134061.265625,1052904
2009-10-09,155500.000000,159500.000000,154000.000000,159000.000000,138413.859375,878836
2009-10-12,159000.000000,159000.000000,150500.000000,153000.000000,133190.703125,694163
2009-10-13,152500.000000,157000.000000,149500.000000,152000.000000,132320.187500,694060
2009-10-14,153000.000000,157500.000000,153000.000000,156500.000000,136237.546875,576823
2009-10-15,159000.000000,163000.000000,156500.000000,159000.000000,138413.859375,989222
2009-10-16,157000.000000,158500.000000,148000.000000,151000.000000,131449.625000,1075540
2009-10-19,149000.000000,153500.000000,147000.000000,152000.000000,132320.187500,429170
2009-10-20,153500.000000,157000.000000,150500.000000,153000.000000,133190.703125,554635
2009-10-21,152000.000000,155000.000000,150000.000000,151500.000000,131884.921875,367014
2009-10-22,149500.000000,152000.000000,147500.000000,150000.000000,130579.132813,498523
2009-10-23,152500.000000,157500.000000,151000.000000,157000.000000,136672.828125,783884
2009-10-26,157000.000000,165000.000000,155500.000000,163500.000000,142331.234375,992639
2009-10-27,161000.000000,167000.000000,160500.000000,166000.000000,144507.531250,583310
2009-10-28,166000.000000,167000.000000,162000.000000,162500.000000,141460.671875,660293
2009-10-29,160000.000000,166000.000000,158000.000000,165500.000000,144072.296875,772369
2009-10-30,168000.000000,169000.000000,160500.000000,160500.000000,139719.671875,580244
2009-11-02,154500.000000,160500.000000,153500.000000,154000.000000,134061.265625,626033
2009-11-03,156000.000000,156500.000000,150500.000000,151500.000000,131884.921875,467946
2009-11-04,153000.000000,158500.000000,151500.000000,158500.000000,137978.625000,334557
2009-11-05,157500.000000,158500.000000,152500.000000,153000.000000,133190.703125,329015
2009-11-06,158000.000000,161000.000000,156500.000000,159500.000000,138849.140625,530194
2009-11-09,161500.000000,162000.000000,156500.000000,157500.000000,137108.046875,440030
2009-11-10,160500.000000,161500.000000,154500.000000,156000.000000,135802.281250,626456
2009-11-11,157000.000000,158000.000000,153500.000000,157000.000000,136672.828125,392071
2009-11-12,156500.000000,157000.000000,149500.000000,149500.000000,130143.859375,1090212
2009-11-13,149500.000000,151500.000000,147000.000000,148500.000000,129273.304688,579945
2009-11-16,149000.000000,150000.000000,146000.000000,149000.000000,129708.593750,406264
2009-11-17,147500.000000,148500.000000,141000.000000,141000.000000,122744.351563,1278207
2009-11-18,144000.000000,149000.000000,143000.000000,147000.000000,127967.523438,2995028
2009-11-19,148500.000000,155000.000000,148000.000000,154000.000000,134061.265625,745745
2009-11-20,152500.000000,156000.000000,152500.000000,155000.000000,134931.765625,442918
2009-11-23,154500.000000,154500.000000,149500.000000,151000.000000,131449.625000,434840
2009-11-24,152000.000000,153000.000000,150000.000000,150500.000000,131014.359375,283843
2009-11-25,152500.000000,153000.000000,148500.000000,152000.000000,132320.187500,280907
2009-11-26,150500.000000,152000.000000,147500.000000,150000.000000,130579.132813,426457
2009-11-27,146000.000000,148500.000000,142500.000000,143500.000000,124920.687500,458661
2009-11-30,146500.000000,150000.000000,144000.000000,149000.000000,129708.593750,643267
2009-12-01,147500.000000,152500.000000,146000.000000,152000.000000,132320.187500,505315
2009-12-02,154000.000000,155000.000000,151000.000000,153000.000000,133190.703125,494837
2009-12-03,152000.000000,155500.000000,151500.000000,155500.000000,135367.015625,477285
2009-12-04,154000.000000,158500.000000,153500.000000,158000.000000,137543.343750,520485
2009-12-07,159000.000000,163000.000000,158500.000000,159500.000000,138849.140625,720310
2009-12-08,160000.000000,161500.000000,158000.000000,159000.000000,138413.859375,242976
2009-12-09,158000.000000,163500.000000,157500.000000,163500.000000,142331.234375,619940
2009-12-10,164000.000000,166000.000000,159000.000000,165000.000000,143637.031250,769165
2009-12-11,165000.000000,166500.000000,163000.000000,163500.000000,142331.234375,472942
2009-12-14,163500.000000,164000.000000,159500.000000,162500.000000,141460.671875,315784
2009-12-15,162500.000000,165000.000000,159000.000000,162500.000000,141460.671875,491714
2009-12-16,161000.000000,163500.000000,159500.000000,163500.000000,142331.234375,297484
2009-12-17,162000.000000,164500.000000,160500.000000,161000.000000,140154.921875,261895
2009-12-18,160000.000000,161500.000000,158000.000000,159000.000000,138413.859375,314427
2009-12-21,159000.000000,162000.000000,158500.000000,160000.000000,139284.406250,301310
2009-12-22,162500.000000,162500.000000,160000.000000,161000.000000,140154.921875,277056
2009-12-23,162000.000000,166000.000000,162000.000000,165500.000000,144072.296875,577301
2009-12-24,165500.000000,172000.000000,164500.000000,169500.000000,147554.406250,694089
2009-12-28,168000.000000,169000.000000,165000.000000,168000.000000,146248.609375,421952
2009-12-29,168000.000000,171500.000000,166000.000000,168500.000000,147783.453125,270866
2009-12-30,168000.000000,171000.000000,166000.000000,171000.000000,149976.062500,389559
2010-01-04,170000.000000,171000.000000,168000.000000,169500.000000,148660.500000,346891
2010-01-05,169000.000000,169500.000000,157000.000000,157500.000000,138135.875000,1517785
2010-01-06,158500.000000,159500.000000,154000.000000,156500.000000,137258.828125,746015
2010-01-07,157500.000000,158500.000000,151000.000000,151500.000000,132873.546875,612717
2010-01-08,152000.000000,153000.000000,145500.000000,151500.000000,132873.546875,1048575
2010-01-11,152500.000000,152500.000000,146000.000000,147000.000000,128926.843750,667597
2010-01-12,149000.000000,151000.000000,146000.000000,148500.000000,130242.390625,563020
2010-01-13,147000.000000,152500.000000,146500.000000,151000.000000,132435.031250,535404
2010-01-14,150500.000000,151500.000000,147000.000000,149500.000000,131119.453125,561172
2010-01-15,148500.000000,153000.000000,147500.000000,150500.000000,131996.500000,479052
2010-01-18,150500.000000,155000.000000,150000.000000,154000.000000,135066.203125,527373
2010-01-19,156000.000000,157000.000000,149500.000000,150000.000000,131557.968750,369479
2010-01-20,150500.000000,152000.000000,147000.000000,148000.000000,129803.882813,374771
2010-01-21,147000.000000,152500.000000,146500.000000,152000.000000,133312.093750,313751
2010-01-22,150500.000000,152000.000000,147000.000000,150000.000000,131557.968750,360718
2010-01-25,147500.000000,150000.000000,146500.000000,148500.000000,130242.390625,248166
2010-01-26,149500.000000,150000.000000,141500.000000,144000.000000,126295.664063,461060
2010-01-27,145000.000000,147500.000000,142000.000000,144000.000000,126295.664063,310948
2010-01-28,145500.000000,148000.000000,142500.000000,146500.000000,128488.281250,422690
2010-01-29,145000.000000,150500.000000,144000.000000,148000.000000,129803.882813,628560
2010-02-01,150500.000000,152000.000000,149000.000000,150000.000000,131557.968750,407148
2010-02-02,150000.000000,151000.000000,144500.000000,146500.000000,128488.281250,427971
2010-02-03,148000.000000,149000.000000,145000.000000,147000.000000,128926.843750,258282
2010-02-04,147000.000000,155500.000000,146500.000000,151000.000000,132435.031250,759906
2010-02-05,145000.000000,148500.000000,144000.000000,147000.000000,128926.843750,388873
2010-02-08,149000.000000,150500.000000,147000.000000,149000.000000,130680.921875,264153
2010-02-09,147500.000000,148000.000000,142500.000000,145000.000000,127172.710938,782620
2010-02-10,146000.000000,146500.000000,141500.000000,141500.000000,124103.015625,995438
2010-02-11,143000.000000,144500.000000,142500.000000,144000.000000,126295.664063,459906
2010-02-12,144000.000000,144500.000000,140500.000000,142500.000000,124980.078125,379813
2010-02-16,142000.000000,145000.000000,141500.000000,143000.000000,125418.609375,215016
2010-02-17,145000.000000,145500.000000,143000.000000,143500.000000,125857.132813,346953
2010-02-18,145000.000000,147500.000000,144500.000000,146500.000000,128488.281250,540910
2010-02-19,145000.000000,147500.000000,144000.000000,146500.000000,128488.281250,405873
2010-02-22,149000.000000,150500.000000,148000.000000,149000.000000,130680.921875,417981
2010-02-23,148500.000000,151000.000000,147500.000000,149500.000000,131119.453125,255504
2010-02-24,148500.000000,151000.000000,145000.000000,150000.000000,131557.968750,403584
2010-02-25,149500.000000,150000.000000,147000.000000,149000.000000,130680.921875,190755
2010-02-26,148500.000000,150500.000000,148000.000000,148500.000000,130242.390625,183649
2010-03-02,151000.000000,152500.000000,147500.000000,148000.000000,129803.882813,1047647
2010-03-03,147000.000000,148000.000000,145000.000000,147000.000000,128926.843750,437606
2010-03-04,147000.000000,148000.000000,145500.000000,147000.000000,128926.843750,329349
2010-03-05,147000.000000,149000.000000,146500.000000,148500.000000,130242.390625,332874
2010-03-08,150000.000000,151000.000000,147000.000000,148000.000000,129803.882813,355266
2010-03-09,147500.000000,148000.000000,145500.000000,145500.000000,127611.226563,329238
2010-03-10,145500.000000,147500.000000,144000.000000,146500.000000,128488.281250,257334
2010-03-11,147000.000000,148000.000000,144500.000000,144500.000000,126734.156250,271283
2010-03-12,145000.000000,146000.000000,142000.000000,143000.000000,125418.609375,483688
2010-03-15,142500.000000,145500.000000,142500.000000,143000.000000,125418.609375,214857
2010-03-16,143000.000000,144500.000000,142500.000000,143000.000000,125418.609375,311309
2010-03-17,144500.000000,148000.000000,144500.000000,147500.000000,129365.296875,464223
2010-03-18,147500.000000,149000.000000,145000.000000,145500.000000,127611.226563,363335
2010-03-19,146500.000000,148000.000000,145500.000000,147000.000000,128926.843750,389952
2010-03-22,147000.000000,148000.000000,145000.000000,147500.000000,129365.296875,254454
2010-03-23,149000.000000,152500.000000,148500.000000,152000.000000,133312.093750,817557
2010-03-24,152500.000000,157500.000000,152500.000000,154500.000000,135504.671875,1003090
2010-03-25,156000.000000,157500.000000,155000.000000,156000.000000,136820.281250,382828
2010-03-26,156500.000000,157000.000000,155000.000000,155000.000000,135943.250000,255644
2010-03-29,153500.000000,155500.000000,151000.000000,151500.000000,132873.546875,1011671
2010-03-30,153500.000000,154500.000000,152500.000000,153500.000000,134627.625000,441850
2010-03-31,153000.000000,153500.000000,150000.000000,150000.000000,131557.968750,417853
2010-04-01,150000.000000,151500.000000,148500.000000,151000.000000,132435.031250,2007691
2010-04-02,153500.000000,155500.000000,152500.000000,155000.000000,135943.250000,1226211
2010-04-05,157000.000000,160500.000000,156500.000000,159000.000000,139451.437500,1004695
2010-04-06,162000.000000,162000.000000,157000.000000,158500.000000,139012.937500,596097
2010-04-07,159500.000000,163000.000000,158500.000000,161500.000000,141644.109375,910136
2010-04-08,161500.000000,164500.000000,158000.000000,159000.000000,139451.437500,1681770
2010-04-09,161000.000000,161000.000000,155000.000000,157000.000000,137697.359375,777711
2010-04-12,158000.000000,158500.000000,151000.000000,153000.000000,134189.125000,695557
2010-04-13,155000.000000,158000.000000,154000.000000,157500.000000,138135.875000,809285
2010-04-14,159500.000000,160500.000000,158000.000000,159500.000000,139889.968750,709552
2010-04-15,162000.000000,162000.000000,156000.000000,157000.000000,137697.359375,1033300
2010-04-16,156500.000000,158000.000000,154500.000000,156500.000000,137258.828125,366010
2010-04-19,156000.000000,159000.000000,154500.000000,159000.000000,139451.437500,456988
2010-04-20,162000.000000,163000.000000,160000.000000,162000.000000,142082.609375,613928
2010-04-21,162000.000000,168000.000000,162000.000000,167000.000000,146467.890625,787200
2010-04-22,166000.000000,167000.000000,164000.000000,165000.000000,144713.750000,451353
2010-04-23,167000.000000,168500.000000,165000.000000,167000.000000,146467.890625,530373
2010-04-26,168500.000000,170500.000000,167000.000000,169000.000000,148221.968750,564579
2010-04-27,168500.000000,172000.000000,168500.000000,172000.000000,150853.140625,587677
2010-04-28,169000.000000,180000.000000,168500.000000,179500.000000,157431.031250,1318069
2010-04-29,183000.000000,186500.000000,182500.000000,186000.000000,163131.875000,1176044
2010-04-30,188500.000000,190500.000000,183500.000000,186000.000000,163131.875000,814776
2010-05-03,185500.000000,187500.000000,178000.000000,181000.000000,158746.609375,691406
2010-05-04,182500.000000,185500.000000,178500.000000,181000.000000,158746.609375,590860
2010-05-06,176000.000000,182500.000000,175000.000000,180000.000000,157869.531250,735550
2010-05-07,174500.000000,178500.000000,171000.000000,177500.000000,155676.906250,854325
2010-05-10,178000.000000,180500.000000,176500.000000,180000.000000,157869.531250,533367
2010-05-11,181500.000000,181500.000000,177000.000000,178000.000000,156115.468750,534810
2010-05-12,178000.000000,185000.000000,178000.000000,183000.000000,160500.703125,654202
2010-05-13,185000.000000,190000.000000,185000.000000,189000.000000,165763.031250,536330
2010-05-14,188000.000000,196500.000000,187000.000000,194000.000000,170148.328125,626596
2010-05-17,191500.000000,196000.000000,189500.000000,196000.000000,171902.406250,655540
2010-05-18,196000.000000,198000.000000,180000.000000,188000.000000,164885.984375,869483
2010-05-19,183000.000000,189000.000000,177000.000000,188000.000000,164885.984375,879251
2010-05-20,187500.000000,193000.000000,180500.000000,185000.000000,162254.812500,558372
2010-05-24,183000.000000,187000.000000,180000.000000,185000.000000,162254.812500,371910
2010-05-25,184000.000000,185000.000000,176000.000000,185000.000000,162254.812500,663086
2010-05-26,184000.000000,189500.000000,181500.000000,189500.000000,166201.593750,657971
2010-05-27,186000.000000,199000.000000,185000.000000,199000.000000,174533.593750,785003
2010-05-28,200000.000000,201500.000000,193500.000000,197500.000000,173218.000000,520240
2010-05-31,198500.000000,202000.000000,197000.000000,199000.000000,174533.593750,317089
2010-06-01,197500.000000,199000.000000,189000.000000,192000.000000,168394.156250,573145
2010-06-03,194500.000000,194500.000000,190000.000000,192500.000000,168832.734375,534286
2010-06-04,192000.000000,196500.000000,191000.000000,193000.000000,169271.265625,480548
2010-06-07,188000.000000,191500.000000,187500.000000,190500.000000,167078.625000,441847
2010-06-08,189500.000000,194500.000000,187500.000000,192500.000000,168832.734375,437109
2010-06-09,193000.000000,195000.000000,187000.000000,192000.000000,168394.156250,503023
2010-06-10,192000.000000,195000.000000,190500.000000,194500.000000,170586.843750,399657
2010-06-11,196500.000000,199500.000000,196000.000000,198500.000000,174095.031250,378664
2010-06-14,197000.000000,201000.000000,195000.000000,199000.000000,174533.593750,275970
2010-06-15,199000.000000,200500.000000,197000.000000,200500.000000,175849.171875,220633
2010-06-16,202500.000000,205000.000000,201500.000000,203000.000000,178041.796875,360641
2010-06-17,203000.000000,210000.000000,202500.000000,209000.000000,183304.109375,372044
2010-06-18,212000.000000,212000.000000,206000.000000,207500.000000,181988.515625,293238
2010-06-21,209000.000000,211000.000000,206000.000000,209000.000000,183304.109375,280776
2010-06-22,204500.000000,206000.000000,201000.000000,205000.000000,179795.859375,515724
2010-06-23,204500.000000,205000.000000,201000.000000,201000.000000,176287.656250,317782
2010-06-24,200500.000000,204000.000000,199500.000000,202000.000000,177164.734375,226074
2010-06-25,200000.000000,206000.000000,200000.000000,204500.000000,179357.359375,290317
2010-06-28,203000.000000,205000.000000,201500.000000,203000.000000,178041.796875,165878
2010-06-29,206000.000000,208000.000000,202000.000000,202500.000000,177603.250000,347090
2010-06-30,199500.000000,207000.000000,199500.000000,207000.000000,181550.000000,379544
2010-07-01,203000.000000,204500.000000,197000.000000,199500.000000,174972.109375,559065
2010-07-02,195500.000000,198000.000000,190500.000000,192000.000000,168394.156250,617249
2010-07-05,192000.000000,193500.000000,188500.000000,191000.000000,167517.125000,250598
2010-07-06,189500.000000,200000.000000,188500.000000,200000.000000,175410.609375,402664
2010-07-07,199500.000000,199500.000000,194000.000000,198000.000000,173656.531250,208367
2010-07-08,199000.000000,200000.000000,194000.000000,197500.000000,173218.000000,333044
2010-07-09,196500.000000,197500.000000,193000.000000,196500.000000,172340.921875,422450
2010-07-12,198000.000000,203000.000000,197500.000000,203000.000000,178041.796875,313863
2010-07-13,204000.000000,210000.000000,203000.000000,205000.000000,179795.859375,518145
2010-07-14,207500.000000,210000.000000,207000.000000,208000.000000,182427.031250,334588
2010-07-15,206000.000000,209500.000000,205000.000000,207500.000000,181988.515625,221951
2010-07-16,206500.000000,207500.000000,201000.000000,203000.000000,178041.796875,307911
2010-07-19,202000.000000,203500.000000,200000.000000,200000.000000,175410.609375,181182
2010-07-20,199500.000000,203500.000000,198000.000000,202000.000000,177164.734375,212108
2010-07-21,202500.000000,204000.000000,197500.000000,200000.000000,175410.609375,291208
2010-07-22,200000.000000,203000.000000,193000.000000,193500.000000,169709.765625,399282
2010-07-23,194500.000000,198500.000000,191500.000000,195000.000000,171025.343750,356463
2010-07-26,196000.000000,203000.000000,195000.000000,202000.000000,177164.734375,284886
2010-07-27,202000.000000,207500.000000,201500.000000,206500.000000,181111.468750,328327
2010-07-28,207000.000000,208500.000000,201500.000000,204000.000000,178918.843750,191225
2010-07-29,203500.000000,206000.000000,199500.000000,206000.000000,180672.953125,235816
2010-07-30,204500.000000,207500.000000,201000.000000,204500.000000,179357.359375,244121
2010-08-02,209500.000000,222000.000000,208000.000000,222000.000000,194705.796875,649429
2010-08-03,221500.000000,225500.000000,219500.000000,225500.000000,197775.453125,361793
2010-08-04,227500.000000,227500.000000,221500.000000,225000.000000,197336.968750,319945
2010-08-05,225000.000000,229000.000000,219000.000000,227000.000000,199091.078125,397920
2010-08-06,225500.000000,226000.000000,215500.000000,219500.000000,192513.140625,454253
2010-08-09,219500.000000,224000.000000,217000.000000,224000.000000,196459.890625,192239
2010-08-10,223500.000000,225500.000000,213500.000000,214500.000000,188127.906250,400260
2010-08-11,213500.000000,217000.000000,211000.000000,214500.000000,188127.906250,222094
2010-08-12,208500.000000,212500.000000,206000.000000,206500.000000,181111.468750,444161
2010-08-13,206500.000000,211000.000000,206000.000000,210000.000000,184181.171875,309638
2010-08-16,211500.000000,214500.000000,205000.000000,212500.000000,186373.796875,245409
2010-08-17,213500.000000,213500.000000,206500.000000,209000.000000,183304.109375,243728
2010-08-18,210000.000000,211000.000000,204000.000000,207500.000000,181988.515625,446461
2010-08-19,209000.000000,219500.000000,207500.000000,218500.000000,191636.125000,488238
2010-08-20,216000.000000,221500.000000,214500.000000,218500.000000,191636.125000,323471
2010-08-23,218500.000000,221000.000000,208500.000000,208500.000000,182865.578125,376799
2010-08-24,208500.000000,215000.000000,207500.000000,212500.000000,186373.796875,296395
2010-08-25,210500.000000,212500.000000,205500.000000,205500.000000,180234.437500,279885
2010-08-26,208000.000000,211500.000000,205500.000000,209500.000000,183742.625000,197106
2010-08-27,207500.000000,209500.000000,205500.000000,208500.000000,182865.578125,225705
2010-08-30,212000.000000,213500.000000,209500.000000,213500.000000,187250.859375,186288
2010-08-31,212000.000000,217000.000000,212000.000000,217000.000000,190320.515625,282636
2010-09-01,219000.000000,226000.000000,218000.000000,225500.000000,197775.453125,412515
2010-09-02,227000.000000,229000.000000,222000.000000,224000.000000,196459.890625,306772
2010-09-03,222000.000000,229000.000000,221500.000000,229000.000000,200845.156250,288130
2010-09-06,230000.000000,234500.000000,228000.000000,233500.000000,204791.906250,302022
2010-09-07,235500.000000,235500.000000,230500.000000,234000.000000,205230.406250,209866
2010-09-08,231000.000000,236000.000000,230500.000000,236000.000000,206984.546875,267252
2010-09-09,234500.000000,235500.000000,231000.000000,235000.000000,206107.484375,265195
2010-09-10,235000.000000,239500.000000,232000.000000,232500.000000,203914.843750,211280
2010-09-13,234000.000000,244000.000000,234000.000000,243500.000000,213562.421875,295257
2010-09-14,243000.000000,247000.000000,240500.000000,244000.000000,214000.953125,280120
2010-09-15,243000.000000,246500.000000,238500.000000,243500.000000,213562.421875,283455
2010-09-16,243500.000000,244500.000000,239500.000000,241500.000000,211808.343750,217947
2010-09-17,240000.000000,247500.000000,237500.000000,247500.000000,217070.656250,321536
2010-09-20,245000.000000,247500.000000,242000.000000,244500.000000,214439.484375,198116
2010-09-24,241500.000000,257000.000000,241500.000000,257000.000000,225402.640625,419748
2010-09-27,253500.000000,257500.000000,252000.000000,255000.000000,223648.546875,243275
2010-09-28,253500.000000,260000.000000,251000.000000,255500.000000,224087.062500,239747
2010-09-29,254000.000000,257500.000000,248500.000000,253500.000000,222332.953125,297650
2010-09-30,251000.000000,257000.000000,250500.000000,257000.000000,225402.640625,235247
2010-10-01,256000.000000,260000.000000,254000.000000,260000.000000,228033.812500,298910
2010-10-04,264000.000000,265000.000000,257000.000000,260500.000000,228472.343750,290135
2010-10-05,257500.000000,264500.000000,256000.000000,261000.000000,228910.875000,244371
2010-10-06,264000.000000,265000.000000,252500.000000,258500.000000,226718.203125,401035
2010-10-07,258000.000000,258500.000000,252500.000000,254000.000000,222771.515625,294515
2010-10-08,254500.000000,258500.000000,253000.000000,257000.000000,225402.640625,237045
2010-10-11,260000.000000,269000.000000,259000.000000,266000.000000,233296.125000,240554
2010-10-12,266000.000000,268000.000000,253000.000000,260000.000000,228033.812500,363643
2010-10-13,260000.000000,261500.000000,252000.000000,256000.000000,224525.593750,362308
2010-10-14,254000.000000,260000.000000,253000.000000,260000.000000,228033.812500,351870
2010-10-15,256000.000000,259500.000000,252000.000000,254000.000000,222771.515625,441761
2010-10-18,256000.000000,256000.000000,242500.000000,243500.000000,213562.421875,349718
2010-10-19,245500.000000,248000.000000,243000.000000,244500.000000,214439.484375,347719
2010-10-20,242500.000000,252500.000000,238000.000000,250000.000000,219263.281250,311391
2010-10-21,251000.000000,253500.000000,245500.000000,253500.000000,222332.953125,280185
2010-10-22,258000.000000,260000.000000,254500.000000,258000.000000,226279.703125,236187
2010-10-25,262000.000000,274000.000000,260000.000000,271500.000000,238119.906250,451859
2010-10-26,273500.000000,281500.000000,271000.000000,277500.000000,243382.234375,313448
2010-10-27,279500.000000,285500.000000,272500.000000,281500.000000,246890.406250,346035
2010-10-28,282000.000000,283500.000000,279000.000000,280000.000000,245574.875000,216659
2010-10-29,285000.000000,285500.000000,275500.000000,280000.000000,245574.875000,447372
2010-11-01,280000.000000,296000.000000,280000.000000,295000.000000,258730.593750,305646
2010-11-02,294500.000000,296500.000000,289000.000000,292500.000000,256538.062500,304816
2010-11-03,299000.000000,300500.000000,290500.000000,292500.000000,256538.062500,227795
2010-11-04,290500.000000,291000.000000,282500.000000,283000.000000,248206.031250,417012
2010-11-05,284500.000000,288500.000000,278500.000000,282000.000000,247328.984375,337543
2010-11-08,280000.000000,283000.000000,276500.000000,283000.000000,248206.031250,244056
2010-11-09,287500.000000,289500.000000,283500.000000,285500.000000,250398.671875,284464
2010-11-10,282000.000000,298000.000000,281000.000000,297500.000000,260923.328125,318999
2010-11-11,294000.000000,299500.000000,283000.000000,283000.000000,248206.031250,525222
2010-11-12,289500.000000,298000.000000,283500.000000,286500.000000,251275.718750,506814
2010-11-15,290000.000000,290000.000000,279500.000000,283500.000000,248644.562500,186479
2010-11-16,282000.000000,286500.000000,274000.000000,281500.000000,246890.406250,336501
2010-11-17,278000.000000,284000.000000,276000.000000,280000.000000,245574.875000,258440
2010-11-18,282000.000000,291500.000000,282000.000000,291500.000000,255660.984375,330549
2010-11-19,292500.000000,294500.000000,287000.000000,292000.000000,256099.546875,198730
2010-11-22,290000.000000,293500.000000,282000.000000,282000.000000,247328.984375,270581
2010-11-23,280000.000000,286000.000000,274000.000000,276000.000000,242066.671875,251817
2010-11-24,271000.000000,279500.000000,270500.000000,276500.000000,242505.171875,327372
2010-11-25,276000.000000,276500.000000,270000.000000,272500.000000,238997.000000,226828
2010-11-26,273500.000000,276500.000000,269000.000000,271000.000000,237681.375000,192833
2010-11-29,269500.000000,275000.000000,269000.000000,275000.000000,241189.593750,156777
2010-11-30,275000.000000,282000.000000,272500.000000,275000.000000,241189.593750,265773
2010-12-01,279500.000000,288500.000000,276500.000000,288500.000000,253029.796875,241357
2010-12-02,286500.000000,290000.000000,284500.000000,287000.000000,251714.265625,294224
2010-12-03,288500.000000,296500.000000,287000.000000,295500.000000,259169.187500,283131
2010-12-06,303500.000000,304000.000000,296000.000000,300000.000000,263115.937500,253231
2010-12-07,299000.000000,306500.000000,293000.000000,304000.000000,266624.187500,293588
2010-12-08,304000.000000,311500.000000,302000.000000,307000.000000,269255.250000,221393
2010-12-09,313000.000000,314000.000000,304000.000000,314000.000000,275394.718750,321375
2010-12-10,311500.000000,314000.000000,301000.000000,301500.000000,264431.468750,399670
2010-12-13,298500.000000,302500.000000,294000.000000,299500.000000,262677.375000,281707
2010-12-14,300000.000000,307000.000000,297000.000000,307000.000000,269255.250000,236597
2010-12-15,307000.000000,307000.000000,301000.000000,307000.000000,269255.250000,204573
2010-12-16,300000.000000,305000.000000,297500.000000,299500.000000,262677.375000,244677
2010-12-17,301500.000000,302000.000000,296500.000000,298000.000000,261361.843750,219638
2010-12-20,295500.000000,297500.000000,290500.000000,297500.000000,260923.328125,264926
2010-12-21,297000.000000,299000.000000,290000.000000,290000.000000,254345.421875,336362
2010-12-22,290000.000000,297500.000000,290000.000000,297500.000000,260923.328125,294681
2010-12-23,297000.000000,298500.000000,292000.000000,294500.000000,258292.125000,235840
2010-12-24,294500.000000,300000.000000,288000.000000,289000.000000,253468.312500,206728
2010-12-27,287000.000000,287500.000000,281000.000000,283000.000000,248206.031250,284014
2010-12-28,281000.000000,285500.000000,280000.000000,283500.000000,248644.562500,225574
2010-12-29,282000.000000,289000.000000,282000.000000,289000.000000,254816.546875,200935
2010-12-30,290000.000000,291500.000000,283500.000000,284500.000000,250848.859375,237565
2011-01-03,287500.000000,294500.000000,285000.000000,294500.000000,259666.031250,212669
2011-01-04,294500.000000,297500.000000,291000.000000,295500.000000,260547.765625,255147
2011-01-05,291500.000000,304500.000000,291000.000000,302500.000000,266719.781250,417719
2011-01-06,306000.000000,307000.000000,297000.000000,301500.000000,265837.968750,380515
2011-01-07,300000.000000,303000.000000,297500.000000,303000.000000,267160.625000,164656
2011-01-10,298000.000000,306000.000000,296000.000000,305500.000000,269364.937500,364918
2011-01-11,310000.000000,310000.000000,299000.000000,307000.000000,270687.531250,236155
2011-01-12,306000.000000,309000.000000,301500.000000,307000.000000,270687.531250,280125
2011-01-13,307000.000000,309500.000000,301000.000000,306500.000000,270246.625000,369262
2011-01-14,308000.000000,316500.000000,303500.000000,315000.000000,277741.281250,414249
2011-01-17,316500.000000,318000.000000,305000.000000,308500.000000,272010.156250,375932
2011-01-18,305000.000000,307500.000000,300000.000000,300500.000000,264956.343750,284212
2011-01-19,299000.000000,300000.000000,291000.000000,298500.000000,263192.937500,373072
2011-01-20,295000.000000,297500.000000,292500.000000,294000.000000,259225.171875,295709
2011-01-21,294000.000000,294000.000000,280000.000000,283500.000000,249967.125000,470236
2011-01-24,285000.000000,289500.000000,281500.000000,288000.000000,253934.906250,286703
2011-01-25,290000.000000,293000.000000,286500.000000,288500.000000,254375.718750,284260
2011-01-26,286000.000000,298000.000000,286000.000000,297000.000000,261870.296875,282431
2011-01-27,295000.000000,298000.000000,291000.000000,296000.000000,260988.625000,243758
2011-01-28,292000.000000,294000.000000,275500.000000,276000.000000,243354.250000,1313295
2011-01-31,267000.000000,267500.000000,258500.000000,258500.000000,227924.171875,1005540
2011-02-01,261500.000000,264500.000000,260500.000000,261000.000000,230128.468750,545243
2011-02-07,266500.000000,272500.000000,265500.000000,267000.000000,235418.765625,590215
2011-02-08,270500.000000,271000.000000,256500.000000,257500.000000,227042.468750,550830
2011-02-09,257500.000000,258500.000000,246000.000000,251000.000000,221311.281250,683409
2011-02-10,249500.000000,254000.000000,245000.000000,249500.000000,219988.703125,697127
2011-02-11,250000.000000,255500.000000,246000.000000,247000.000000,217784.406250,587487
2011-02-14,254000.000000,261000.000000,252500.000000,260000.000000,229246.734375,538191
2011-02-15,260500.000000,260500.000000,251500.000000,255000.000000,224838.156250,415498
2011-02-16,258000.000000,258500.000000,247500.000000,251000.000000,221311.281250,348700
2011-02-17,256000.000000,256000.000000,248000.000000,254000.000000,223956.453125,334416
2011-02-18,256000.000000,267500.000000,256000.000000,267500.000000,235859.625000,986344
2011-02-21,270000.000000,275500.000000,269000.000000,275000.000000,242472.484375,599316
2011-02-22,270000.000000,275000.000000,264500.000000,273000.000000,240709.078125,432232
2011-02-23,266000.000000,273000.000000,265500.000000,270500.000000,238504.796875,410128
2011-02-24,268500.000000,271000.000000,264000.000000,265500.000000,234096.203125,327377
2011-02-25,266500.000000,268500.000000,261000.000000,264500.000000,233214.484375,222378
2011-02-28,258500.000000,268500.000000,258000.000000,262500.000000,231451.062500,427570
2011-03-02,261500.000000,270500.000000,258500.000000,270000.000000,238063.968750,321387
2011-03-03,271500.000000,280000.000000,271500.000000,278000.000000,245117.656250,361414
2011-03-04,282500.000000,289500.000000,281000.000000,287000.000000,253053.093750,518341
2011-03-07,284000.000000,285500.000000,277000.000000,279000.000000,245999.406250,331874
2011-03-08,278000.000000,283000.000000,276000.000000,277500.000000,244676.859375,265905
2011-03-09,281000.000000,284000.000000,278500.000000,280000.000000,246881.093750,291985
2011-03-10,278000.000000,283500.000000,275000.000000,277500.000000,244676.859375,358206
2011-03-11,270500.000000,273000.000000,268000.000000,271000.000000,238945.640625,296209
2011-03-14,276500.000000,276500.000000,265000.000000,272000.000000,239827.375000,287969
2011-03-15,270000.000000,279500.000000,255000.000000,264500.000000,233214.484375,572258
2011-03-16,271500.000000,275000.000000,265000.000000,270000.000000,238063.968750,320381
2011-03-17,262000.000000,271000.000000,261000.000000,271000.000000,238945.640625,224235
2011-03-18,268500.000000,277500.000000,267000.000000,276000.000000,243354.250000,262357
2011-03-21,276000.000000,280000.000000,273500.000000,279000.000000,245999.406250,210334
2011-03-22,281500.000000,287500.000000,278500.000000,287500.000000,253494.000000,438924
2011-03-23,287500.000000,296000.000000,286000.000000,292000.000000,257461.750000,568662
2011-03-24,295500.000000,309500.000000,295000.000000,308500.000000,272010.156250,835104
2011-03-25,313000.000000,316000.000000,307000.000000,312000.000000,275096.125000,620623
2011-03-28,308000.000000,317000.000000,306500.000000,313000.000000,275977.812500,314570
2011-03-29,310000.000000,322500.000000,308500.000000,319500.000000,281709.000000,402915
2011-03-30,317500.000000,335000.000000,317500.000000,327500.000000,288762.750000,467797
2011-03-31,332000.000000,332500.000000,318000.000000,327500.000000,288762.750000,396240
2011-04-01,323500.000000,327000.000000,318000.000000,322000.000000,283913.281250,401031
2011-04-04,325000.000000,325500.000000,307000.000000,312500.000000,275536.968750,665883
2011-04-05,308000.000000,314000.000000,304500.000000,314000.000000,276859.593750,548808
2011-04-06,315500.000000,332500.000000,315500.000000,331000.000000,291848.750000,678330
2011-04-07,331000.000000,333500.000000,324500.000000,331500.000000,292289.593750,347935
2011-04-08,329000.000000,333500.000000,325500.000000,327000.000000,288321.875000,321866
2011-04-11,326000.000000,334500.000000,321500.000000,331500.000000,292289.593750,333503
2011-04-12,328500.000000,330000.000000,322000.000000,323500.000000,285235.812500,322028
2011-04-13,321500.000000,336000.000000,321000.000000,335500.000000,295816.468750,375675
2011-04-14,335000.000000,355000.000000,333000.000000,355000.000000,313009.937500,836640
2011-04-15,348500.000000,354500.000000,348000.000000,354500.000000,312569.156250,419545
2011-04-18,354000.000000,371000.000000,352000.000000,365000.000000,321827.218750,537196
2011-04-19,361500.000000,366500.000000,354000.000000,360500.000000,317859.468750,389390
2011-04-20,362000.000000,366000.000000,352000.000000,366000.000000,322708.875000,423398
2011-04-21,361500.000000,373000.000000,360000.000000,365000.000000,321827.218750,504705
2011-04-22,365000.000000,381000.000000,362000.000000,372000.000000,327999.218750,352317
2011-04-25,370500.000000,392500.000000,370000.000000,385000.000000,339461.500000,360753
2011-04-26,390000.000000,395000.000000,384000.000000,384000.000000,338579.812500,416000
2011-04-27,383500.000000,390000.000000,365000.000000,375500.000000,331085.218750,490915
2011-04-28,368000.000000,382000.000000,365000.000000,376500.000000,331966.875000,983711
2011-04-29,377000.000000,380000.000000,358000.000000,359000.000000,316536.875000,625666
2011-05-02,358000.000000,371500.000000,357000.000000,366000.000000,322708.875000,472539
2011-05-03,368000.000000,374000.000000,351000.000000,363000.000000,320063.750000,450331
2011-05-04,357500.000000,370000.000000,353000.000000,359000.000000,316536.875000,383005
2011-05-06,353000.000000,357000.000000,345000.000000,352000.000000,310364.843750,518198
2011-05-09,352000.000000,355000.000000,345000.000000,345000.000000,304192.781250,360542
2011-05-11,350000.000000,352500.000000,341500.000000,350000.000000,308601.343750,481221
2011-05-12,344000.000000,345500.000000,335000.000000,335000.000000,295375.593750,800801
2011-05-13,336500.000000,339500.000000,317500.000000,337000.000000,297139.031250,724633
2011-05-16,335000.000000,343000.000000,325500.000000,333000.000000,293612.250000,416521
2011-05-17,331000.000000,349000.000000,329000.000000,345000.000000,304192.781250,388948
2011-05-18,345000.000000,355000.000000,341000.000000,351500.000000,309923.968750,597003
2011-05-19,352500.000000,356000.000000,341500.000000,345000.000000,304192.781250,582381
2011-05-20,341000.000000,354500.000000,341000.000000,350000.000000,308601.343750,320362
2011-05-23,341000.000000,348500.000000,333500.000000,339000.000000,298902.468750,274237
2011-05-24,338000.000000,351500.000000,335000.000000,344000.000000,303311.093750,469756
2011-05-25,350000.000000,355000.000000,340000.000000,343000.000000,302429.406250,301675
2011-05-26,350000.000000,371000.000000,346000.000000,367500.000000,324031.437500,463093
2011-05-27,366000.000000,376500.000000,364500.000000,369000.000000,325354.062500,435205
2011-05-30,377000.000000,378500.000000,365500.000000,369500.000000,325794.875000,212838
2011-05-31,373500.000000,384000.000000,368500.000000,378500.000000,333730.375000,374224
2011-06-01,376000.000000,380000.000000,369500.000000,370500.000000,326676.593750,330107
2011-06-02,359000.000000,374500.000000,359000.000000,368000.000000,324472.281250,334472
2011-06-03,370500.000000,374000.000000,366500.000000,370000.000000,326235.750000,197618
2011-06-07,376500.000000,376500.000000,360000.000000,360000.000000,317418.531250,319529
2011-06-08,360000.000000,364000.000000,343000.000000,359500.000000,316977.718750,356550
2011-06-09,355000.000000,360000.000000,347500.000000,350500.000000,309042.312500,358027
2011-06-10,352000.000000,365000.000000,349000.000000,349500.000000,308160.531250,404557
2011-06-13,348500.000000,361000.000000,348000.000000,359500.000000,316977.718750,280779
2011-06-14,361000.000000,376500.000000,356000.000000,375500.000000,331085.218750,432749
2011-06-15,376000.000000,378500.000000,372500.000000,376000.000000,331526.062500,306763
2011-06-16,373000.000000,381500.000000,371000.000000,373000.000000,328880.937500,400370
2011-06-17,376500.000000,382500.000000,368000.000000,373500.000000,329321.781250,466459
2011-06-20,378500.000000,388000.000000,375000.000000,376000.000000,331526.062500,402671
2011-06-21,383500.000000,385500.000000,364000.000000,376000.000000,331526.062500,397077
2011-06-22,384000.000000,384000.000000,370000.000000,371000.000000,327117.468750,318436
2011-06-23,366500.000000,373000.000000,364000.000000,368000.000000,324472.281250,286518
2011-06-24,366500.000000,377500.000000,366500.000000,375000.000000,330644.375000,293362
2011-06-27,373500.000000,378500.000000,370000.000000,374000.000000,329762.593750,252558
2011-06-28,378000.000000,381000.000000,374000.000000,375000.000000,330644.375000,219975
2011-06-29,382500.000000,393500.000000,382000.000000,391000.000000,344751.906250,347430
2011-06-30,394000.000000,400500.000000,393000.000000,400000.000000,352687.312500,378205
2011-07-01,404500.000000,405500.000000,398500.000000,399500.000000,352246.468750,274836
2011-07-04,406000.000000,407000.000000,402000.000000,405000.000000,357095.906250,171016
2011-07-05,410000.000000,412000.000000,401500.000000,405000.000000,357095.906250,215495
2011-07-06,406500.000000,409000.000000,397500.000000,399500.000000,352246.468750,336028
2011-07-07,400000.000000,412500.000000,398500.000000,409500.000000,361063.656250,260567
2011-07-08,416500.000000,416500.000000,410000.000000,414500.000000,365472.250000,177116
2011-07-11,416000.000000,416500.000000,405000.000000,409500.000000,361063.656250,317810
2011-07-12,399000.000000,402000.000000,388500.000000,388500.000000,342547.500000,418228
2011-07-13,391500.000000,402000.000000,391000.000000,401500.000000,354009.906250,300146
2011-07-14,395500.000000,402000.000000,393500.000000,401000.000000,353569.031250,252777
2011-07-15,395500.000000,399500.000000,392000.000000,397500.000000,350483.000000,337068
2011-07-18,395000.000000,399000.000000,390500.000000,397000.000000,350042.125000,168212
2011-07-19,394000.000000,401000.000000,393500.000000,393500.000000,346956.187500,172258
2011-07-20,400500.000000,407000.000000,394000.000000,398500.000000,351364.718750,243508
2011-07-21,396000.000000,398000.000000,381000.000000,388500.000000,342547.500000,387419
2011-07-22,388500.000000,395000.000000,382000.000000,392500.000000,346074.406250,270556
2011-07-25,388000.000000,391000.000000,384000.000000,390000.000000,343870.062500,192692
2011-07-26,392500.000000,394500.000000,387500.000000,394500.000000,347837.875000,166825
2011-07-27,395000.000000,401000.000000,385000.000000,400000.000000,352687.312500,187972
2011-07-28,391000.000000,396000.000000,390500.000000,392000.000000,345633.531250,219744
2011-07-29,391000.000000,391500.000000,380000.000000,380000.000000,335052.937500,312347
2011-08-01,380000.000000,388000.000000,377500.000000,382000.000000,336816.406250,459535
2011-08-02,375000.000000,377000.000000,352000.000000,354000.000000,312128.281250,1083190
2011-08-03,344000.000000,349000.000000,340000.000000,345000.000000,304192.781250,658669
2011-08-04,350000.000000,350000.000000,330000.000000,334500.000000,294934.812500,421876
2011-08-05,320000.000000,339500.000000,318000.000000,331500.000000,292289.593750,760101
2011-08-08,330000.000000,338000.000000,310000.000000,328500.000000,289644.437500,750717
2011-08-09,321000.000000,338500.000000,299000.000000,329500.000000,290526.218750,1092660
2011-08-10,345000.000000,345500.000000,328500.000000,328500.000000,289644.437500,738043
2011-08-11,313500.000000,337500.000000,312000.000000,329500.000000,290526.218750,472052
2011-08-12,334000.000000,335000.000000,318500.000000,319500.000000,281709.000000,553578
2011-08-16,328000.000000,336500.000000,327500.000000,333000.000000,293612.250000,461252
2011-08-17,334000.000000,342500.000000,332000.000000,337500.000000,297579.937500,330873
2011-08-18,342000.000000,342000.000000,320500.000000,333500.000000,294053.000000,352215
2011-08-19,315500.000000,316000.000000,288500.000000,288500.000000,254375.718750,701721
2011-08-22,285000.000000,292000.000000,265500.000000,270000.000000,238063.968750,698496
2011-08-23,276500.000000,296000.000000,272500.000000,292000.000000,257461.750000,665447
2011-08-24,299000.000000,304000.000000,291000.000000,293500.000000,258784.359375,545062
2011-08-25,304000.000000,305500.000000,293500.000000,293500.000000,258784.359375,333488
2011-08-26,291000.000000,309500.000000,290500.000000,307500.000000,271128.343750,449598
2011-08-29,319000.000000,321500.000000,308000.000000,317500.000000,279945.531250,394465
2011-08-30,321500.000000,327500.000000,314500.000000,324500.000000,286117.593750,340511
2011-08-31,328500.000000,337500.000000,326000.000000,337000.000000,297139.031250,345284
2011-09-01,343000.000000,346000.000000,336500.000000,336500.000000,296698.156250,540197
2011-09-02,338500.000000,339000.000000,321500.000000,328500.000000,289644.437500,403408
2011-09-05,319000.000000,322000.000000,308000.000000,313000.000000,275977.812500,390403
2011-09-06,306000.000000,317000.000000,301000.000000,311000.000000,274214.406250,467845
2011-09-07,320000.000000,325000.000000,315000.000000,325000.000000,286558.406250,354995
2011-09-08,329000.000000,335000.000000,326500.000000,334000.000000,294493.875000,443339
2011-09-09,332000.000000,334500.000000,323500.000000,324000.000000,285676.750000,235092
2011-09-14,324000.000000,324500.000000,304000.000000,310000.000000,273332.656250,366846
2011-09-15,318500.000000,321000.000000,303000.000000,312000.000000,275096.125000,433285
2011-09-16,320000.000000,339500.000000,319500.000000,334500.000000,294934.812500,681225
2011-09-19,334500.000000,339000.000000,329500.000000,335000.000000,295375.593750,296908
2011-09-20,333500.000000,337500.000000,326000.000000,334000.000000,294493.875000,291948
2011-09-21,334000.000000,343500.000000,330000.000000,338000.000000,298020.781250,290184
2011-09-22,326500.000000,334000.000000,324000.000000,330000.000000,290967.062500,278945
2011-09-23,318500.000000,324500.000000,315500.000000,315500.000000,278182.125000,375602
2011-09-26,318000.000000,322500.000000,306000.000000,317000.000000,279504.687500,327704
2011-09-27,327500.000000,340000.000000,325000.000000,339000.000000,298902.468750,427076
2011-09-28,340000.000000,342000.000000,337000.000000,338000.000000,298020.781250,338494
2011-09-29,337000.000000,341500.000000,333000.000000,341500.000000,301106.812500,321328
2011-09-30,340000.000000,342500.000000,331500.000000,341500.000000,301106.812500,339842
2011-10-04,325000.000000,331000.000000,319000.000000,329000.000000,290085.312500,405695
2011-10-05,333000.000000,333500.000000,301500.000000,307000.000000,270687.531250,542693
2011-10-06,315000.000000,318500.000000,290500.000000,293500.000000,258784.359375,666044
2011-10-07,298000.000000,311500.000000,295500.000000,311500.000000,274655.250000,752245
2011-10-10,308000.000000,313500.000000,305000.000000,308000.000000,271569.312500,321996
2011-10-11,318000.000000,325500.000000,315500.000000,323000.000000,284795.031250,511263
2011-10-12,323500.000000,340000.000000,322500.000000,337000.000000,297139.031250,508813
2011-10-13,343000.000000,349500.000000,338000.000000,338000.000000,298020.781250,551187
2011-10-14,340000.000000,343000.000000,334500.000000,338000.000000,298020.781250,237295
2011-10-17,343500.000000,349500.000000,343000.000000,348000.000000,306838.000000,262598
2011-10-18,340000.000000,343500.000000,337500.000000,340500.000000,300225.031250,209912
2011-10-19,343500.000000,351000.000000,341000.000000,346500.000000,305515.343750,257420
2011-10-20,346500.000000,351000.000000,330500.000000,333000.000000,293612.250000,230046
2011-10-21,343000.000000,346000.000000,336000.000000,342000.000000,301547.625000,288075
2011-10-24,346500.000000,360000.000000,346000.000000,359500.000000,316977.718750,357929
2011-10-25,362000.000000,362500.000000,350000.000000,351500.000000,309923.968750,287409
2011-10-26,347000.000000,348000.000000,342000.000000,347500.000000,306397.062500,238125
2011-10-27,351500.000000,354500.000000,347000.000000,353000.000000,311246.531250,276514
2011-10-28,356000.000000,364000.000000,340000.000000,344000.000000,303311.093750,512055
2011-10-31,336500.000000,336500.000000,318500.000000,323000.000000,284795.031250,1093127
2011-11-01,317000.000000,325000.000000,316500.000000,320000.000000,282149.812500,688230
2011-11-02,313500.000000,328000.000000,313000.000000,327000.000000,288321.875000,590064
2011-11-03,329500.000000,329500.000000,315000.000000,319500.000000,281709.000000,380082
2011-11-04,326000.000000,333000.000000,322000.000000,332500.000000,293171.343750,597992
2011-11-07,337500.000000,337500.000000,322500.000000,324000.000000,285676.750000,369058
2011-11-08,326500.000000,327000.000000,320000.000000,323000.000000,284795.031250,204616
2011-11-09,326000.000000,328500.000000,319500.000000,326500.000000,287881.031250,323136
2011-11-10,315000.000000,317500.000000,307000.000000,307000.000000,270687.531250,541791
2011-11-11,313000.000000,315500.000000,306500.000000,315000.000000,277741.281250,321679
2011-11-14,319000.000000,325000.000000,319000.000000,322000.000000,283913.281250,209142
2011-11-15,320000.000000,325500.000000,317500.000000,318000.000000,280386.406250,194100
2011-11-16,321500.000000,324000.000000,310500.000000,312000.000000,275096.125000,231428
2011-11-17,312000.000000,313000.000000,304000.000000,311000.000000,274214.406250,368652
2011-11-18,306000.000000,308500.000000,304000.000000,305000.000000,268924.031250,315587
2011-11-21,309000.000000,313000.000000,303000.000000,308500.000000,272010.156250,307035
2011-11-22,308000.000000,318000.000000,306500.000000,313500.000000,276418.656250,248269
2011-11-23,319500.000000,320000.000000,309500.000000,309500.000000,272891.750000,285695
2011-11-24,309000.000000,318000.000000,309000.000000,316000.000000,278622.968750,205107
2011-11-25,309000.000000,315500.000000,305500.000000,308000.000000,271569.312500,297501
2011-11-28,308500.000000,313500.000000,306500.000000,307500.000000,271128.343750,209016
2011-11-29,310000.000000,316000.000000,309000.000000,315500.000000,278182.125000,331757
2011-11-30,312000.000000,314000.000000,303000.000000,303500.000000,267601.437500,497561
2011-12-01,315000.000000,316000.000000,310500.000000,313500.000000,276418.656250,493331
2011-12-02,309500.000000,317500.000000,309500.000000,317500.000000,279945.531250,253641
2011-12-05,320000.000000,320500.000000,313000.000000,317500.000000,279945.531250,214338
2011-12-06,323000.000000,324500.000000,316500.000000,320500.000000,282590.750000,331349
2011-12-07,323500.000000,323500.000000,316500.000000,321000.000000,283031.593750,265234
2011-12-08,318500.000000,319500.000000,313000.000000,314000.000000,276859.593750,266966
2011-12-09,309500.000000,310000.000000,303500.000000,304500.000000,268483.218750,291844
2011-12-12,308000.000000,309500.000000,300000.000000,301500.000000,265837.968750,283515
2011-12-13,299500.000000,299500.000000,290500.000000,291500.000000,257020.859375,344804
2011-12-14,292000.000000,294500.000000,288000.000000,288000.000000,253934.906250,302839
2011-12-15,287500.000000,292500.000000,286000.000000,286500.000000,252612.296875,356852
2011-12-16,288000.000000,298500.000000,288000.000000,295500.000000,260547.765625,260776
2011-12-19,300000.000000,300500.000000,280000.000000,288000.000000,253934.906250,387490
2011-12-20,294000.000000,296500.000000,290000.000000,292000.000000,257461.750000,216692
2011-12-21,303000.000000,303000.000000,299000.000000,302000.000000,266278.906250,225847
2011-12-22,302500.000000,303500.000000,298500.000000,301000.000000,265397.218750,116541
2011-12-23,302500.000000,303000.000000,297500.000000,299500.000000,264074.625000,178363
2011-12-26,300500.000000,303000.000000,293500.000000,296000.000000,260988.625000,93973
2011-12-27,295000.000000,299000.000000,282000.000000,291000.000000,256580.000000,147053
2011-12-28,291000.000000,292000.000000,286000.000000,290500.000000,257688.828125,115653
2011-12-29,291000.000000,295500.000000,288000.000000,292000.000000,259019.421875,146809
2012-01-02,297500.000000,297500.000000,290000.000000,292500.000000,259462.953125,88038
2012-01-03,295000.000000,304000.000000,294500.000000,303500.000000,269220.500000,238983
2012-01-04,309000.000000,311500.000000,305500.000000,309500.000000,274542.843750,250632
2012-01-05,310000.000000,314000.000000,306000.000000,311000.000000,275873.437500,206985
2012-01-06,314000.000000,314500.000000,305000.000000,311000.000000,275873.437500,173880
2012-01-09,308000.000000,312500.000000,301500.000000,312500.000000,277204.000000,199162
2012-01-10,314500.000000,319500.000000,313000.000000,318500.000000,282526.312500,299918
2012-01-11,322000.000000,322000.000000,318000.000000,319500.000000,283413.375000,252734
2012-01-12,322000.000000,323000.000000,315500.000000,318500.000000,282526.312500,254173
2012-01-13,322000.000000,322000.000000,316500.000000,320000.000000,283856.906250,204196
2012-01-16,323000.000000,323000.000000,317000.000000,319000.000000,282969.812500,196796
2012-01-17,323000.000000,328000.000000,318000.000000,323000.000000,286518.093750,364654
2012-01-18,326500.000000,326500.000000,313500.000000,318000.000000,282082.781250,397975
2012-01-19,321500.000000,322500.000000,307000.000000,308000.000000,273212.281250,849706
2012-01-20,306500.000000,311000.000000,304000.000000,311000.000000,275873.437500,936349
2012-01-25,304000.000000,314000.000000,304000.000000,310000.000000,274986.343750,442192
2012-01-26,309000.000000,312500.000000,307000.000000,308000.000000,273212.281250,518915
2012-01-27,306500.000000,310000.000000,303000.000000,303000.000000,268777.000000,550246
2012-01-30,296500.000000,298000.000000,279500.000000,280000.000000,248374.765625,1758783
2012-01-31,276000.000000,282500.000000,271000.000000,277000.000000,245713.625000,2092857
2012-02-01,280500.000000,285500.000000,280000.000000,283000.000000,251035.937500,1121429
2012-02-02,284000.000000,286000.000000,278000.000000,279500.000000,247931.265625,873420
2012-02-03,280500.000000,282000.000000,266500.000000,270500.000000,239947.781250,1245561
2012-02-06,274500.000000,277000.000000,270500.000000,271500.000000,240834.843750,545061
2012-02-07,274000.000000,285000.000000,273500.000000,285000.000000,252810.062500,895227
2012-02-08,284500.000000,288500.000000,283000.000000,287500.000000,255027.656250,601901
2012-02-09,287500.000000,288000.000000,278500.000000,287500.000000,255027.656250,677651
2012-02-10,287000.000000,292000.000000,285000.000000,285000.000000,252810.062500,595117
2012-02-13,286000.000000,293000.000000,285500.000000,291000.000000,258132.343750,550004
2012-02-14,292500.000000,294000.000000,285500.000000,287000.000000,254584.125000,580638
2012-02-15,287500.000000,289000.000000,282000.000000,283000.000000,251035.937500,417079
2012-02-16,280000.000000,281500.000000,275000.000000,275500.000000,244383.046875,598079
2012-02-17,278500.000000,284000.000000,277500.000000,280000.000000,248374.765625,518556
2012-02-20,286000.000000,288000.000000,278000.000000,280000.000000,248374.765625,420332
2012-02-21,282000.000000,282500.000000,275000.000000,277000.000000,245713.625000,401732
2012-02-22,282000.000000,286000.000000,280500.000000,281500.000000,249705.328125,604195
2012-02-23,284500.000000,284500.000000,278000.000000,279000.000000,247487.734375,390139
2012-02-24,277000.000000,279000.000000,275500.000000,276000.000000,244826.562500,388969
2012-02-27,274500.000000,274500.000000,264500.000000,268000.000000,237730.187500,672356
2012-02-28,267000.000000,269000.000000,261500.000000,267500.000000,237286.609375,318651
2012-02-29,269500.000000,285000.000000,269000.000000,285000.000000,252810.062500,864355
2012-03-02,286000.000000,288500.000000,282500.000000,284000.000000,251923.015625,421751
2012-03-05,287000.000000,290500.000000,284500.000000,289500.000000,256801.796875,581392
2012-03-06,290000.000000,291000.000000,281500.000000,286000.000000,253697.093750,385964
2012-03-07,278000.000000,280000.000000,275500.000000,276500.000000,245270.093750,459733
2012-03-08,278500.000000,279500.000000,274000.000000,277000.000000,245713.625000,436956
2012-03-09,280000.000000,282500.000000,278500.000000,279000.000000,247487.734375,225821
2012-03-12,277500.000000,280500.000000,275500.000000,276500.000000,245270.093750,255984
2012-03-13,279000.000000,293000.000000,278500.000000,292000.000000,259019.421875,958385
2012-03-14,295000.000000,295500.000000,290500.000000,292500.000000,259462.953125,525723
2012-03-15,294000.000000,301500.000000,293500.000000,295500.000000,262124.125000,702577
2012-03-16,296000.000000,296500.000000,286500.000000,289000.000000,256358.234375,576870
2012-03-19,289000.000000,289000.000000,283000.000000,285000.000000,252810.062500,478595
2012-03-20,286000.000000,286500.000000,282500.000000,283000.000000,251035.937500,354596
2012-03-21,282000.000000,284500.000000,280000.000000,281000.000000,249261.875000,347682
2012-03-22,282000.000000,283500.000000,278000.000000,281500.000000,249705.328125,287688
2012-03-23,281500.000000,282000.000000,279000.000000,280000.000000,248374.765625,170255
2012-03-26,281000.000000,285500.000000,277500.000000,279000.000000,247487.734375,232211
2012-03-27,284500.000000,290000.000000,283500.000000,289500.000000,256801.796875,530151
2012-03-28,289500.000000,292500.000000,286500.000000,289500.000000,256801.796875,345460
2012-03-29,289000.000000,293500.000000,287500.000000,290000.000000,257245.296875,413084
2012-03-30,292500.000000,293000.000000,284000.000000,286500.000000,254140.625000,357249
2012-04-02,289000.000000,293000.000000,287500.000000,292500.000000,259462.953125,344005
2012-04-03,298000.000000,299500.000000,295000.000000,296500.000000,263011.125000,597380
2012-04-04,297500.000000,300500.000000,288000.000000,290000.000000,257245.296875,525432
2012-04-05,288500.000000,311000.000000,288000.000000,308500.000000,273655.843750,907845
2012-04-06,312000.000000,315000.000000,306500.000000,312000.000000,276760.468750,669705
2012-04-09,308500.000000,309000.000000,300000.000000,303000.000000,268777.000000,446726
2012-04-10,306500.000000,308000.000000,298500.000000,301500.000000,267446.343750,506516
2012-04-12,301500.000000,302000.000000,290000.000000,294000.000000,260793.546875,498136
2012-04-13,298000.000000,299000.000000,293000.000000,296000.000000,262567.625000,302195
2012-04-16,290000.000000,295500.000000,289000.000000,290000.000000,257245.296875,470961
2012-04-17,291000.000000,294500.000000,284000.000000,285000.000000,252810.062500,501962
2012-04-18,290500.000000,291500.000000,282500.000000,284000.000000,251923.015625,463298
2012-04-19,285000.000000,286500.000000,281500.000000,283500.000000,251479.453125,270536
2012-04-20,281500.000000,283000.000000,274000.000000,277500.000000,246157.187500,517131
2012-04-23,276500.000000,282000.000000,276500.000000,279000.000000,247487.734375,193693
2012-04-24,277500.000000,294000.000000,276500.000000,290500.000000,257688.828125,778678
2012-04-25,292500.000000,296500.000000,288000.000000,293000.000000,259906.453125,524545
2012-04-26,293500.000000,300500.000000,291000.000000,295500.000000,262124.125000,518212
2012-04-27,298500.000000,305000.000000,297000.000000,300000.000000,266115.843750,581746
2012-04-30,305000.000000,310500.000000,304000.000000,307500.000000,272768.718750,747373
2012-05-02,310000.000000,313000.000000,300000.000000,300000.000000,266115.843750,674625
2012-05-03,298000.000000,302000.000000,292000.000000,293500.000000,260349.984375,321116
2012-05-04,294500.000000,298000.000000,290000.000000,294000.000000,260793.546875,353899
2012-05-07,288000.000000,294000.000000,286500.000000,291000.000000,258132.343750,273498
2012-05-08,294500.000000,294500.000000,284000.000000,285500.000000,253253.593750,396514
2012-05-09,286000.000000,288500.000000,282000.000000,285500.000000,253253.593750,265127
2012-05-10,283000.000000,288000.000000,281000.000000,282000.000000,250148.890625,275038
2012-05-11,281000.000000,288500.000000,280500.000000,282500.000000,250592.437500,370635
2012-05-14,285000.000000,295500.000000,283500.000000,291500.000000,258575.890625,358264
2012-05-15,290000.000000,294500.000000,285000.000000,290000.000000,257245.296875,438489
2012-05-16,286500.000000,289500.000000,279000.000000,280500.000000,248818.281250,290067
2012-05-17,279000.000000,282000.000000,273500.000000,277500.000000,246157.187500,422425
2012-05-18,273500.000000,276000.000000,270500.000000,272500.000000,241721.906250,433235
2012-05-21,274000.000000,276000.000000,267000.000000,274500.000000,243496.000000,309507
2012-05-22,279500.000000,279500.000000,271500.000000,271500.000000,240834.843750,348980
2012-05-23,274000.000000,276500.000000,271000.000000,274000.000000,243052.484375,350670
2012-05-24,271500.000000,273500.000000,264000.000000,269000.000000,238617.218750,356644
2012-05-25,269000.000000,270500.000000,263000.000000,266000.000000,235956.046875,413058
2012-05-29,265500.000000,273000.000000,265000.000000,273000.000000,242165.390625,303726
2012-05-30,274500.000000,281000.000000,272000.000000,279000.000000,247487.734375,517918
2012-05-31,277000.000000,279500.000000,271500.000000,277000.000000,245713.625000,240193
2012-06-01,278000.000000,281000.000000,272000.000000,273000.000000,242165.390625,184905
2012-06-04,265000.000000,268000.000000,264000.000000,267000.000000,236843.078125,250604
2012-06-05,273000.000000,275000.000000,269500.000000,271000.000000,240391.296875,194864
2012-06-07,277500.000000,278000.000000,271500.000000,274500.000000,243496.000000,283663
2012-06-08,274500.000000,275500.000000,264500.000000,267500.000000,237286.609375,337183
2012-06-11,269500.000000,271000.000000,267500.000000,268500.000000,238173.656250,304326
2012-06-12,266000.000000,267500.000000,265000.000000,267500.000000,237286.609375,205527
2012-06-13,270500.000000,274500.000000,270000.000000,272500.000000,241721.906250,397934
2012-06-14,271000.000000,272000.000000,266500.000000,270000.000000,239504.281250,417821
2012-06-15,272000.000000,272000.000000,266000.000000,270500.000000,239947.781250,174115
2012-06-18,276000.000000,280000.000000,274500.000000,278000.000000,246600.671875,363302
2012-06-19,279000.000000,284000.000000,277500.000000,282000.000000,250148.890625,339763
2012-06-20,284500.000000,287500.000000,281000.000000,285500.000000,253253.593750,324059
2012-06-21,286500.000000,287500.000000,282500.000000,286500.000000,254140.625000,201069
2012-06-22,283000.000000,283500.000000,278500.000000,278500.000000,247044.171875,241103
2012-06-25,276500.000000,282500.000000,275000.000000,280500.000000,248818.281250,219240
2012-06-26,278000.000000,281500.000000,276000.000000,280000.000000,248374.765625,170190
2012-06-27,277500.000000,278500.000000,269000.000000,275500.000000,244383.046875,421064
2012-06-28,273500.000000,275500.000000,271000.000000,273500.000000,242608.968750,136128
2012-06-29,268500.000000,274500.000000,268000.000000,274500.000000,243496.000000,263396
2012-07-02,273000.000000,279000.000000,273000.000000,277500.000000,246157.187500,183664
2012-07-03,276500.000000,279500.000000,271500.000000,275000.000000,243939.484375,224240
2012-07-04,276500.000000,279000.000000,274000.000000,275000.000000,243939.484375,179711
2012-07-05,275000.000000,275500.000000,271500.000000,274000.000000,243052.484375,147191
2012-07-06,274000.000000,277500.000000,270000.000000,273000.000000,242165.390625,173372
2012-07-09,268500.000000,271500.000000,268500.000000,269000.000000,238617.218750,144439
2012-07-10,271000.000000,272000.000000,267500.000000,269000.000000,238617.218750,143603
2012-07-11,269500.000000,275000.000000,269000.000000,274000.000000,243052.484375,170161
2012-07-12,273000.000000,276500.000000,268000.000000,268000.000000,237730.187500,270220
2012-07-13,273000.000000,273500.000000,268000.000000,271500.000000,240834.843750,286196
2012-07-16,271000.000000,280000.000000,270500.000000,277500.000000,246157.187500,343709
2012-07-17,278500.000000,281500.000000,274500.000000,280000.000000,248374.765625,252610
2012-07-18,280000.000000,282500.000000,275000.000000,275000.000000,243939.484375,239524
2012-07-19,279500.000000,289000.000000,277500.000000,287500.000000,255027.656250,471261
2012-07-20,289000.000000,292000.000000,285000.000000,288000.000000,255471.250000,244792
2012-07-23,284000.000000,289000.000000,282000.000000,286000.000000,253697.093750,190927
2012-07-24,285500.000000,294000.000000,283000.000000,292500.000000,259462.953125,342860
2012-07-25,290000.000000,291000.000000,286500.000000,287000.000000,254584.125000,357628
2012-07-26,288000.000000,291500.000000,283500.000000,285500.000000,253253.593750,281684
2012-07-27,287500.000000,289000.000000,278000.000000,287500.000000,255027.656250,581679
2012-07-30,290500.000000,300000.000000,288500.000000,299000.000000,265228.750000,509980
2012-07-31,298500.000000,304000.000000,296500.000000,299500.000000,265672.281250,369931
2012-08-01,295000.000000,303000.000000,295000.000000,300500.000000,266559.375000,242512
2012-08-02,300000.000000,301000.000000,297000.000000,299000.000000,265228.750000,130193
2012-08-03,294000.000000,299000.000000,292500.000000,296000.000000,262567.625000,128847
2012-08-06,304000.000000,309000.000000,299500.000000,306000.000000,271438.187500,422098
2012-08-07,307500.000000,309000.000000,302500.000000,306500.000000,271881.687500,181075
2012-08-08,304000.000000,309000.000000,302000.000000,304500.000000,270107.562500,265330
2012-08-09,305000.000000,311500.000000,304500.000000,311000.000000,275873.437500,441216
2012-08-10,314000.000000,316500.000000,311000.000000,315000.000000,279421.625000,219835
2012-08-13,319000.000000,319000.000000,312000.000000,313000.000000,277647.531250,149059
2012-08-14,316000.000000,319500.000000,314000.000000,319000.000000,282969.812500,225344
2012-08-16,320000.000000,320000.000000,315000.000000,319000.000000,282969.812500,178508
2012-08-17,322000.000000,322000.000000,310500.000000,313500.000000,278090.968750,276748
2012-08-20,318000.000000,318000.000000,312000.000000,317000.000000,281195.750000,149154
2012-08-21,319000.000000,319000.000000,316000.000000,318000.000000,282082.781250,121116
2012-08-22,319000.000000,319000.000000,311500.000000,315500.000000,279865.187500,123102
2012-08-23,313000.000000,315000.000000,303500.000000,305000.000000,270551.062500,396249
2012-08-24,301000.000000,304000.000000,297500.000000,299500.000000,265672.281250,351739
2012-08-27,300500.000000,316000.000000,300000.000000,313000.000000,277647.531250,357657
2012-08-28,315000.000000,315500.000000,309500.000000,315500.000000,279865.187500,162146
2012-08-29,313000.000000,315500.000000,310000.000000,312000.000000,276760.468750,193104
2012-08-30,309500.000000,312000.000000,305000.000000,308000.000000,273212.281250,223560
2012-08-31,305500.000000,314500.000000,305500.000000,307500.000000,272768.718750,191820
2012-09-03,308000.000000,314500.000000,308000.000000,313500.000000,278090.968750,152328
2012-09-04,309500.000000,314000.000000,303000.000000,304000.000000,269664.093750,236118
2012-09-05,303000.000000,303000.000000,294000.000000,296500.000000,263011.125000,273957
2012-09-06,298000.000000,299500.000000,293500.000000,295500.000000,262124.125000,150441
2012-09-07,301000.000000,304500.000000,300000.000000,304000.000000,269664.093750,237698
2012-09-10,303000.000000,305000.000000,302500.000000,303000.000000,268777.000000,109339
2012-09-11,310000.000000,312000.000000,300000.000000,301500.000000,267446.343750,238210
2012-09-12,303000.000000,307500.000000,303000.000000,307000.000000,272325.187500,199485
2012-09-13,301500.000000,307000.000000,301500.000000,307000.000000,272325.187500,185539
2012-09-14,313500.000000,319500.000000,313500.000000,319500.000000,283413.375000,428981
2012-09-17,324500.000000,325000.000000,319500.000000,321000.000000,284743.968750,377576
2012-09-18,324500.000000,324500.000000,321500.000000,323000.000000,286518.093750,138257
2012-09-19,323500.000000,323500.000000,315500.000000,319000.000000,282969.812500,199627
2012-09-20,322000.000000,322500.000000,313500.000000,318000.000000,282082.781250,206723
2012-09-21,316000.000000,320000.000000,314500.000000,318500.000000,282526.312500,159360
2012-09-24,318000.000000,318000.000000,308500.000000,316000.000000,280308.687500,155462
2012-09-25,316000.000000,320500.000000,313000.000000,320500.000000,284300.437500,114234
2012-09-26,314500.000000,320000.000000,313000.000000,316500.000000,280752.218750,126800
2012-09-27,310000.000000,320500.000000,309500.000000,316000.000000,280308.687500,162599
2012-09-28,316000.000000,319000.000000,308000.000000,310500.000000,275429.906250,263408
2012-10-02,310500.000000,310500.000000,305000.000000,307000.000000,272325.187500,234422
2012-10-04,305000.000000,311500.000000,305000.000000,306500.000000,271881.687500,200761
2012-10-05,307500.000000,313000.000000,307500.000000,310000.000000,274986.343750,218845
2012-10-08,311500.000000,312000.000000,306000.000000,308000.000000,273212.281250,97462
2012-10-09,306500.000000,310500.000000,304500.000000,304500.000000,270107.562500,109074
2012-10-10,310000.000000,310500.000000,305500.000000,306500.000000,271881.687500,156837
2012-10-11,305500.000000,310500.000000,301000.000000,302500.000000,268333.468750,184978
2012-10-12,305500.000000,307500.000000,301000.000000,302500.000000,268333.468750,124894
2012-10-15,306000.000000,306500.000000,293500.000000,297000.000000,263454.687500,232315
2012-10-16,300000.000000,303000.000000,299000.000000,300000.000000,266115.843750,139045
2012-10-17,300000.000000,302500.000000,295000.000000,297500.000000,263898.218750,221696
2012-10-18,300000.000000,307500.000000,298500.000000,305500.000000,270994.593750,183319
2012-10-19,306500.000000,312500.000000,299500.000000,301500.000000,267446.343750,291268
2012-10-22,295500.000000,300000.000000,295000.000000,297500.000000,263898.218750,119736
2012-10-23,297500.000000,298500.000000,288000.000000,291500.000000,258575.890625,139698
2012-10-24,287000.000000,289000.000000,277000.000000,279000.000000,247487.734375,308102
2012-10-25,277000.000000,288500.000000,272000.000000,286500.000000,254140.625000,387585
2012-10-26,285500.000000,288000.000000,271500.000000,277000.000000,245713.625000,262242
2012-10-29,277500.000000,279500.000000,266000.000000,269000.000000,238617.218750,358356
2012-10-30,267000.000000,279000.000000,267000.000000,273500.000000,242608.968750,230234
2012-10-31,276500.000000,282000.000000,276000.000000,278000.000000,246600.671875,127835
2012-11-01,272500.000000,275500.000000,265000.000000,269000.000000,238617.218750,423405
2012-11-02,275000.000000,276500.000000,270500.000000,270500.000000,239947.781250,301383
2012-11-05,263500.000000,264500.000000,258000.000000,259500.000000,230190.203125,466243
2012-11-06,260000.000000,269500.000000,259500.000000,268000.000000,237730.187500,308291
2012-11-07,272000.000000,274500.000000,268000.000000,271000.000000,240391.296875,238015
2012-11-08,268500.000000,275500.000000,268000.000000,273500.000000,242608.968750,229806
2012-11-09,266000.000000,267500.000000,259500.000000,266000.000000,235956.046875,301630
2012-11-12,268000.000000,275000.000000,265500.000000,271500.000000,240834.843750,153895
2012-11-13,275500.000000,275500.000000,269500.000000,271500.000000,240834.843750,131946
2012-11-14,268000.000000,274000.000000,268000.000000,273000.000000,242165.390625,134265
2012-11-15,270000.000000,274000.000000,267500.000000,268500.000000,238173.656250,128294
2012-11-16,265500.000000,274000.000000,265500.000000,271000.000000,240391.296875,173217
2012-11-19,271500.000000,273500.000000,266500.000000,271500.000000,240834.843750,103615
2012-11-20,274000.000000,275000.000000,265500.000000,267500.000000,237286.609375,190450
2012-11-21,268500.000000,268500.000000,261000.000000,264500.000000,234625.468750,202093
2012-11-22,264500.000000,266000.000000,261000.000000,263500.000000,233738.406250,146947
2012-11-23,261500.000000,270000.000000,261000.000000,267000.000000,236843.078125,199863
2012-11-26,264500.000000,272000.000000,264000.000000,269500.000000,239060.718750,145390
2012-11-27,272000.000000,287500.000000,271500.000000,284500.000000,252366.500000,367241
2012-11-28,284500.000000,286500.000000,280500.000000,282000.000000,250148.890625,237558
2012-11-29,287000.000000,295000.000000,285500.000000,291000.000000,258132.343750,295853
2012-11-30,287500.000000,297000.000000,285500.000000,285500.000000,253253.593750,273140
2012-12-03,284000.000000,289500.000000,283000.000000,285000.000000,252810.062500,157753
2012-12-04,283000.000000,285500.000000,278000.000000,280500.000000,248818.281250,223269
2012-12-05,279500.000000,292000.000000,279500.000000,288000.000000,255471.250000,222355
2012-12-06,287000.000000,297000.000000,287000.000000,294000.000000,260793.546875,217390
2012-12-07,291500.000000,295000.000000,285500.000000,287500.000000,255027.656250,166119
2012-12-10,291500.000000,296500.000000,290000.000000,293000.000000,259906.453125,185633
2012-12-11,292500.000000,299000.000000,290000.000000,295000.000000,261680.578125,168594
2012-12-12,291000.000000,295500.000000,290000.000000,294500.000000,261237.015625,142687
2012-12-13,297500.000000,301000.000000,297000.000000,301000.000000,267002.906250,346573
2012-12-14,300500.000000,305000.000000,297500.000000,300500.000000,266559.375000,176109
2012-12-17,300500.000000,303500.000000,289000.000000,291500.000000,258575.890625,259264
2012-12-18,290000.000000,291000.000000,285000.000000,289500.000000,256801.796875,258648
2012-12-20,298000.000000,298500.000000,292500.000000,294500.000000,261237.015625,350949
2012-12-21,297000.000000,297000.000000,292000.000000,295000.000000,261680.578125,208001
2012-12-24,295000.000000,295500.000000,292000.000000,294000.000000,260793.546875,112993
2012-12-26,297000.000000,301000.000000,295000.000000,298000.000000,264341.750000,164528
2012-12-27,297500.000000,298000.000000,289500.000000,293500.000000,262020.593750,174324
2012-12-28,291500.000000,293000.000000,286000.000000,288000.000000,257110.562500,227890
2013-01-02,290000.000000,291000.000000,286500.000000,287500.000000,256664.109375,206999
2013-01-03,286500.000000,287000.000000,270000.000000,272000.000000,242826.578125,560146
2013-01-04,267000.000000,269500.000000,260000.000000,261000.000000,233006.375000,792914
2013-01-07,263000.000000,264500.000000,260000.000000,263500.000000,235238.250000,538030
2013-01-08,262000.000000,267000.000000,262000.000000,264500.000000,236131.000000,363043
2013-01-09,268000.000000,271000.000000,265000.000000,267000.000000,238362.843750,388318
2013-01-10,266000.000000,268000.000000,263500.000000,266000.000000,237470.125000,266134
2013-01-11,266500.000000,267000.000000,257500.000000,258000.000000,230328.156250,531229
2013-01-14,256000.000000,257500.000000,250500.000000,253000.000000,225864.437500,406263
2013-01-15,256000.000000,261500.000000,255000.000000,255500.000000,228096.296875,342662
2013-01-16,255500.000000,260000.000000,255000.000000,257500.000000,229881.781250,226381
2013-01-17,260500.000000,264000.000000,259500.000000,262000.000000,233899.140625,236312
2013-01-18,262000.000000,263500.000000,258000.000000,260500.000000,232560.046875,166131
2013-01-21,260500.000000,267000.000000,257500.000000,263500.000000,235238.250000,220310
2013-01-22,265000.000000,272500.000000,264500.000000,270500.000000,241487.468750,398995
2013-01-23,275000.000000,275000.000000,271000.000000,272000.000000,242826.578125,310445
2013-01-24,275500.000000,275500.000000,262000.000000,264500.000000,236131.000000,257972
2013-01-25,262000.000000,264000.000000,257000.000000,263500.000000,235238.250000,317088
2013-01-28,264000.000000,264500.000000,258000.000000,264000.000000,235684.640625,248266
2013-01-29,266500.000000,274500.000000,259500.000000,272500.000000,243272.984375,309025
2013-01-30,272500.000000,273000.000000,266000.000000,272000.000000,242826.578125,201550
2013-01-31,269000.000000,285500.000000,268000.000000,285000.000000,254432.281250,642591
2013-02-01,289000.000000,292000.000000,285500.000000,290500.000000,259342.359375,578486
2013-02-04,294000.000000,294500.000000,288500.000000,291500.000000,260235.093750,417546
2013-02-05,291500.000000,293000.000000,286500.000000,290000.000000,258895.984375,179585
2013-02-06,294500.000000,294500.000000,290000.000000,291500.000000,260235.093750,197211
2013-02-07,291500.000000,296000.000000,290000.000000,295000.000000,263359.718750,202209
2013-02-08,297000.000000,301500.000000,295000.000000,300500.000000,268269.843750,336270
2013-02-12,305000.000000,305000.000000,295000.000000,299500.000000,267377.031250,201871
2013-02-13,299500.000000,300000.000000,295500.000000,298000.000000,266037.968750,200216
2013-02-14,298500.000000,304000.000000,297000.000000,299000.000000,266930.656250,229687
2013-02-15,303500.000000,303500.000000,297000.000000,300000.000000,267823.468750,115312
2013-02-18,300000.000000,301500.000000,293000.000000,297000.000000,265145.187500,120708
2013-02-19,298000.000000,302000.000000,298000.000000,300000.000000,267823.468750,106295
2013-02-20,302500.000000,305500.000000,301000.000000,305500.000000,272733.500000,257476
2013-02-21,305500.000000,309000.000000,303000.000000,307500.000000,274519.031250,182312
2013-02-22,309000.000000,312000.000000,306000.000000,311000.000000,277643.656250,208912
2013-02-25,307500.000000,308500.000000,301000.000000,303000.000000,270501.687500,243006
2013-02-26,304500.000000,304500.000000,300000.000000,301500.000000,269162.468750,145036
2013-02-27,306000.000000,309000.000000,303500.000000,307000.000000,274072.656250,177996
2013-02-28,308000.000000,313000.000000,303500.000000,313000.000000,279429.125000,215282
2013-03-04,316000.000000,317000.000000,313500.000000,315500.000000,281661.000000,251177
2013-03-05,315000.000000,318500.000000,310500.000000,311000.000000,277643.656250,249340
2013-03-06,308000.000000,310000.000000,300500.000000,305500.000000,272733.500000,318395
2013-03-07,306000.000000,312500.000000,302500.000000,309000.000000,275858.125000,149703
2013-03-08,311500.000000,313500.000000,304500.000000,307500.000000,274519.031250,163359
2013-03-11,309500.000000,309500.000000,301500.000000,304000.000000,271394.468750,155222
2013-03-12,302000.000000,305000.000000,300000.000000,302000.000000,269608.937500,107701
2013-03-13,303000.000000,305000.000000,301000.000000,303500.000000,270948.000000,103784
2013-03-14,305000.000000,305000.000000,297000.000000,300000.000000,267823.468750,234626
2013-03-15,300000.000000,310500.000000,300000.000000,306500.000000,273626.281250,283241
2013-03-18,303500.000000,308500.000000,301500.000000,303000.000000,270501.687500,160055
2013-03-19,302000.000000,304000.000000,300000.000000,302000.000000,269608.937500,157087
2013-03-20,302500.000000,308000.000000,301000.000000,303000.000000,270501.687500,252732
2013-03-21,303500.000000,304500.000000,297000.000000,297000.000000,265145.187500,158957
2013-03-22,294000.000000,300000.000000,292000.000000,293000.000000,261574.218750,171942
2013-03-25,295000.000000,301500.000000,295000.000000,300500.000000,268269.843750,119749
2013-03-26,302500.000000,307500.000000,300000.000000,305000.000000,272287.125000,235364
2013-03-27,305000.000000,313000.000000,304500.000000,311000.000000,277643.656250,248406
2013-03-28,310500.000000,313500.000000,307500.000000,311000.000000,277643.656250,167587
2013-03-29,311500.000000,312500.000000,304000.000000,307500.000000,274519.031250,133121
2013-04-01,306500.000000,307500.000000,304000.000000,306000.000000,273179.937500,104476
2013-04-02,305000.000000,309000.000000,303000.000000,306500.000000,273626.281250,204360
2013-04-03,311000.000000,314000.000000,303000.000000,311000.000000,277643.656250,275566
2013-04-04,306500.000000,308500.000000,296000.000000,301500.000000,269162.468750,226012
2013-04-05,292000.000000,295000.000000,283500.000000,287000.000000,256217.734375,393784
2013-04-08,287000.000000,294500.000000,281500.000000,292000.000000,260681.484375,244753
2013-04-09,297000.000000,299000.000000,285000.000000,288000.000000,257110.562500,261714
2013-04-10,292000.000000,297500.000000,290500.000000,296000.000000,264252.468750,259645
2013-04-11,298500.000000,298500.000000,284000.000000,294000.000000,262467.000000,362162
2013-04-12,293500.000000,293500.000000,273000.000000,274500.000000,245058.453125,655089
2013-04-15,266000.000000,270500.000000,263500.000000,269000.000000,240148.375000,389996
2013-04-16,266000.000000,274000.000000,265500.000000,267500.000000,238809.218750,346263
2013-04-17,267000.000000,273500.000000,267000.000000,270500.000000,241487.468750,242622
2013-04-18,273000.000000,276000.000000,266000.000000,269000.000000,240148.375000,163008
2013-04-19,272000.000000,274500.000000,259000.000000,265500.000000,237023.734375,434756
2013-04-22,262500.000000,273500.000000,262500.000000,273000.000000,243719.312500,231675
2013-04-23,275000.000000,277500.000000,263500.000000,265000.000000,236577.375000,323097
2013-04-24,265000.000000,266500.000000,256000.000000,258000.000000,230328.156250,547828
2013-04-25,259500.000000,270000.000000,258000.000000,269000.000000,240148.375000,456410
2013-04-26,269500.000000,269500.000000,253000.000000,255500.000000,228096.296875,654117
2013-04-29,255000.000000,255500.000000,245000.000000,246000.000000,219615.234375,798582
2013-04-30,247000.000000,252000.000000,247000.000000,250000.000000,223186.218750,387513
2013-05-02,252000.000000,258000.000000,250500.000000,255500.000000,228096.296875,518846
2013-05-03,258500.000000,265000.000000,257000.000000,260000.000000,232113.640625,381628
2013-05-06,261500.000000,263000.000000,258500.000000,260500.000000,232560.046875,175575
2013-05-07,260500.000000,261000.000000,254000.000000,258000.000000,230328.156250,248080
2013-05-08,262500.000000,263000.000000,257500.000000,259500.000000,231667.281250,166810
2013-05-09,262000.000000,262500.000000,258500.000000,260000.000000,232113.640625,221216
2013-05-10,259000.000000,259000.000000,252500.000000,255000.000000,227649.937500,205254
2013-05-13,253000.000000,257500.000000,250500.000000,255500.000000,228096.296875,139984
2013-05-14,258000.000000,264000.000000,257500.000000,261500.000000,233452.765625,220919
2013-05-15,262000.000000,263500.000000,258500.000000,263500.000000,235238.250000,146135
2013-05-16,266000.000000,271500.000000,266000.000000,270500.000000,241487.468750,333053
2013-05-20,274500.000000,275000.000000,271000.000000,273000.000000,243719.312500,210184
2013-05-21,274000.000000,274000.000000,271500.000000,273500.000000,244165.718750,272128
2013-05-22,277000.000000,285500.000000,276500.000000,282000.000000,251754.031250,355745
2013-05-23,284500.000000,284500.000000,279000.000000,279000.000000,249075.812500,294074
2013-05-24,285000.000000,285500.000000,280500.000000,282000.000000,251754.031250,183428
2013-05-27,282000.000000,287500.000000,281500.000000,286000.000000,255325.015625,182712
2013-05-28,288500.000000,288500.000000,282000.000000,283000.000000,252646.765625,227159
2013-05-29,282000.000000,286000.000000,282000.000000,282500.000000,252200.437500,176514
2013-05-30,284500.000000,290500.000000,284000.000000,288500.000000,257556.828125,229769
2013-05-31,293500.000000,293500.000000,284000.000000,285000.000000,254432.281250,238980
2013-06-03,283000.000000,287500.000000,281500.000000,282000.000000,251754.031250,139849
2013-06-04,287500.000000,288000.000000,284000.000000,284000.000000,253539.546875,179240
2013-06-05,283500.000000,286000.000000,275500.000000,276500.000000,246843.937500,1033341
2013-06-07,272000.000000,275500.000000,264000.000000,272000.000000,242826.578125,406566
2013-06-10,272500.000000,273500.000000,266500.000000,267500.000000,238809.218750,165780
2013-06-11,268500.000000,269500.000000,262500.000000,265000.000000,236577.375000,206174
2013-06-12,263000.000000,268000.000000,259500.000000,260500.000000,232560.046875,207896
2013-06-13,257000.000000,265000.000000,256500.000000,260000.000000,232113.640625,317245
2013-06-14,262500.000000,263000.000000,256500.000000,259000.000000,231220.921875,239107
2013-06-17,262000.000000,267000.000000,261500.000000,263000.000000,234791.890625,202587
2013-06-18,267000.000000,271500.000000,262500.000000,268500.000000,239701.968750,235031
2013-06-19,271000.000000,271000.000000,262000.000000,265500.000000,237023.734375,174610
2013-06-20,262500.000000,270000.000000,258500.000000,261500.000000,233452.765625,229550
2013-06-21,260000.000000,260500.000000,257000.000000,258000.000000,230328.156250,281448
2013-06-24,255500.000000,259000.000000,251500.000000,252000.000000,224971.671875,255838
2013-06-25,253000.000000,264500.000000,251500.000000,257000.000000,229435.406250,375602
2013-06-26,261500.000000,262000.000000,257500.000000,257500.000000,229881.781250,272264
2013-06-27,262000.000000,275500.000000,261500.000000,275000.000000,245504.796875,368144
2013-06-28,273000.000000,276000.000000,272500.000000,273000.000000,243719.312500,355980
2013-07-01,269000.000000,273000.000000,266500.000000,270500.000000,241487.468750,235332
2013-07-02,269500.000000,275000.000000,261000.000000,262000.000000,233899.140625,391861
2013-07-03,262500.000000,263500.000000,255500.000000,259000.000000,231220.921875,311225
2013-07-04,261000.000000,264500.000000,260500.000000,262000.000000,233899.140625,171759
2013-07-05,265000.000000,267000.000000,255500.000000,259500.000000,231667.281250,206987
2013-07-08,259000.000000,259500.000000,251000.000000,254000.000000,226757.171875,332448
2013-07-09,257500.000000,257500.000000,252500.000000,254000.000000,226757.171875,369086
2013-07-10,254000.000000,255500.000000,245500.000000,246500.000000,220061.578125,549156
2013-07-11,250000.000000,260500.000000,250000.000000,259500.000000,231667.281250,368808
2013-07-12,259000.000000,259500.000000,253000.000000,255500.000000,228096.296875,363982
2013-07-15,257500.000000,258000.000000,253000.000000,256000.000000,228542.671875,234098
2013-07-16,255500.000000,256000.000000,253000.000000,254500.000000,227203.546875,235571
2013-07-17,254500.000000,259500.000000,253000.000000,257500.000000,229881.781250,249608
2013-07-18,258000.000000,258500.000000,255000.000000,256500.000000,228989.031250,157322
2013-07-19,256000.000000,261500.000000,256000.000000,260000.000000,232113.640625,247522
2013-07-22,261000.000000,263500.000000,258000.000000,259500.000000,231667.281250,147467
2013-07-23,260000.000000,262500.000000,251500.000000,255000.000000,227649.937500,773677
2013-07-24,254000.000000,259000.000000,252000.000000,258500.000000,230774.531250,272716
2013-07-25,259000.000000,261500.000000,258500.000000,260500.000000,232560.046875,320582
2013-07-26,261000.000000,265000.000000,259000.000000,262500.000000,234345.500000,319798
2013-07-29,265500.000000,267500.000000,263500.000000,265500.000000,237023.734375,337310
2013-07-30,268500.000000,278500.000000,266500.000000,277500.000000,247736.703125,632486
2013-07-31,278000.000000,278500.000000,272500.000000,274000.000000,244612.093750,429341
2013-08-01,275000.000000,275500.000000,268000.000000,269000.000000,240148.375000,197466
2013-08-02,270500.000000,273000.000000,264000.000000,264500.000000,236131.000000,342460
2013-08-05,265500.000000,268000.000000,264500.000000,264500.000000,236131.000000,111268
2013-08-06,265500.000000,268500.000000,264500.000000,266500.000000,237916.484375,143557
2013-08-07,265500.000000,266000.000000,259000.000000,259000.000000,231220.921875,250645
2013-08-08,261500.000000,264000.000000,260500.000000,262000.000000,233899.140625,206961
2013-08-09,265000.000000,265000.000000,261000.000000,262500.000000,234345.500000,151591
2013-08-12,267000.000000,267500.000000,263000.000000,265000.000000,236577.375000,132291
2013-08-13,265500.000000,267500.000000,263000.000000,267000.000000,238362.843750,118350
2013-08-14,266000.000000,267000.000000,262000.000000,266000.000000,237470.125000,165863
2013-08-16,263500.000000,270000.000000,262000.000000,268000.000000,239255.640625,214519
2013-08-19,267500.000000,270000.000000,265000.000000,269500.000000,240594.734375,134894
2013-08-20,268500.000000,271500.000000,264500.000000,266500.000000,237916.484375,209422
2013-08-21,262000.000000,269000.000000,262000.000000,263500.000000,235238.250000,205507
2013-08-22,260500.000000,266500.000000,260000.000000,263500.000000,235238.250000,213525
2013-08-23,263500.000000,271000.000000,263000.000000,269500.000000,240594.734375,307130
2013-08-26,270500.000000,274000.000000,270000.000000,271500.000000,242380.218750,155298
2013-08-27,270500.000000,274500.000000,269000.000000,270500.000000,241487.468750,148275
2013-08-28,265000.000000,273000.000000,264000.000000,271500.000000,242380.218750,180386
2013-08-29,271500.000000,278000.000000,271500.000000,277000.000000,247290.312500,421767
2013-08-30,278500.000000,280000.000000,276000.000000,279000.000000,249075.812500,346127
2013-09-02,282000.000000,283500.000000,279500.000000,281500.000000,251307.625000,269488
2013-09-03,280500.000000,281000.000000,275000.000000,277000.000000,247290.312500,298240
2013-09-04,275000.000000,281000.000000,275000.000000,277500.000000,247736.703125,144642
2013-09-05,280500.000000,285500.000000,279000.000000,282000.000000,251754.031250,275513
2013-09-06,283500.000000,288500.000000,281000.000000,284000.000000,253539.546875,290629
2013-09-09,284000.000000,289500.000000,284000.000000,289500.000000,258449.625000,294311
2013-09-10,288000.000000,290500.000000,286500.000000,290500.000000,259342.359375,229382
2013-09-11,291500.000000,291500.000000,285500.000000,288500.000000,257556.828125,266146
2013-09-12,286000.000000,288000.000000,279500.000000,283000.000000,252646.765625,359269
2013-09-13,284000.000000,285500.000000,280500.000000,283500.000000,253093.140625,201229
2013-09-16,287500.000000,290000.000000,286500.000000,289000.000000,258003.218750,176338
2013-09-17,294500.000000,295000.000000,287500.000000,292000.000000,260681.484375,215481
2013-09-23,294500.000000,297500.000000,290000.000000,295500.000000,263806.093750,213891
2013-09-24,293000.000000,297000.000000,292000.000000,296000.000000,264252.468750,147431
2013-09-25,294000.000000,296500.000000,292500.000000,295000.000000,263359.718750,155003
2013-09-26,295000.000000,295500.000000,285500.000000,288500.000000,257556.828125,268370
2013-09-27,291500.000000,297000.000000,289500.000000,293500.000000,262020.593750,197244
2013-09-30,290500.000000,291000.000000,286000.000000,286000.000000,255325.015625,185397
2013-10-01,285500.000000,291000.000000,285500.000000,288500.000000,257556.828125,112257
2013-10-02,291500.000000,291500.000000,279000.000000,281000.000000,250861.312500,247350
2013-10-04,284500.000000,284500.000000,280000.000000,281000.000000,250861.312500,155387
2013-10-07,279000.000000,281000.000000,277000.000000,279000.000000,249075.812500,180201
2013-10-08,276500.000000,281500.000000,275500.000000,281000.000000,250861.312500,169035
2013-10-10,283000.000000,287000.000000,281500.000000,285000.000000,254432.281250,211940
2013-10-11,288000.000000,290500.000000,285500.000000,288500.000000,257556.828125,148938
2013-10-14,286000.000000,288500.000000,284500.000000,286500.000000,255771.390625,157875
2013-10-15,287500.000000,293000.000000,287500.000000,290000.000000,258895.984375,153793
2013-10-16,290500.000000,293000.000000,288500.000000,291500.000000,260235.093750,154837
2013-10-17,294000.000000,296500.000000,291500.000000,293000.000000,261574.218750,147054
2013-10-18,295000.000000,295000.000000,286000.000000,290000.000000,258895.984375,216865
2013-10-21,288000.000000,290000.000000,286000.000000,287000.000000,256217.734375,150494
2013-10-22,287500.000000,292000.000000,286500.000000,291000.000000,259788.718750,166360
2013-10-23,288000.000000,292500.000000,287000.000000,288500.000000,257556.828125,224398
2013-10-24,287000.000000,289000.000000,279500.000000,283000.000000,252646.765625,248958
2013-10-25,284000.000000,295000.000000,281500.000000,294000.000000,262467.000000,405224
2013-10-28,294000.000000,310000.000000,294000.000000,301500.000000,269162.468750,518280
2013-10-29,300000.000000,304500.000000,298000.000000,304500.000000,271840.781250,254135
2013-10-30,301000.000000,302500.000000,296000.000000,298500.000000,266484.375000,280117
2013-10-31,296000.000000,301500.000000,295000.000000,299500.000000,267377.031250,145834
2013-11-01,305000.000000,305500.000000,297000.000000,300000.000000,267823.468750,149263
2013-11-04,297500.000000,303000.000000,294500.000000,299500.000000,267377.031250,107642
2013-11-05,306500.000000,309500.000000,301000.000000,304000.000000,271394.468750,184599
2013-11-06,302000.000000,308000.000000,302000.000000,306000.000000,273179.937500,137637
2013-11-07,303500.000000,308500.000000,302500.000000,307000.000000,274072.656250,152003
2013-11-08,304000.000000,309500.000000,303000.000000,305500.000000,272733.500000,152522
2013-11-11,305500.000000,308000.000000,301000.000000,308000.000000,274965.406250,111168
2013-11-12,305500.000000,310000.000000,300000.000000,301500.000000,269162.468750,214335
2013-11-13,299000.000000,301000.000000,291000.000000,294500.000000,262913.312500,212795
2013-11-14,293500.000000,296000.000000,288000.000000,292000.000000,260681.484375,191327
2013-11-15,295500.000000,302000.000000,294000.000000,295000.000000,263359.718750,165572
2013-11-18,296000.000000,302000.000000,296000.000000,298500.000000,266484.375000,124753
2013-11-19,298500.000000,309000.000000,298000.000000,307500.000000,274519.031250,217364
2013-11-20,309500.000000,309500.000000,300500.000000,303000.000000,270501.687500,178324
2013-11-21,300000.000000,302000.000000,297000.000000,302000.000000,269608.937500,171606
2013-11-22,302000.000000,304500.000000,299000.000000,301000.000000,268716.187500,69108
2013-11-25,302000.000000,303500.000000,297500.000000,299000.000000,266930.656250,178233
2013-11-26,299000.000000,304500.000000,295000.000000,302500.000000,270055.312500,119264
2013-11-27,300500.000000,308500.000000,299000.000000,308500.000000,275411.812500,144497
2013-11-28,308500.000000,310000.000000,304000.000000,307000.000000,274072.656250,146682
2013-11-29,307000.000000,309000.000000,302500.000000,307000.000000,274072.656250,111213
2013-12-02,312000.000000,315000.000000,308000.000000,311500.000000,278090.000000,179103
2013-12-03,315000.000000,316000.000000,298000.000000,302000.000000,269608.937500,354859
2013-12-04,298000.000000,302000.000000,295000.000000,298000.000000,266037.968750,180066
2013-12-05,297500.000000,299000.000000,293000.000000,296000.000000,264252.468750,164420
2013-12-06,294000.000000,294000.000000,289000.000000,289000.000000,258003.218750,176242
2013-12-09,290000.000000,293000.000000,289500.000000,291500.000000,260235.093750,120358
2013-12-10,297000.000000,298500.000000,291500.000000,293500.000000,262020.593750,205698
2013-12-11,293000.000000,295000.000000,289500.000000,290000.000000,258895.984375,113446
2013-12-12,293000.000000,293000.000000,289500.000000,291500.000000,260235.093750,127031
2013-12-13,292000.000000,292000.000000,288000.000000,290000.000000,258895.984375,144602
2013-12-16,288000.000000,290500.000000,287500.000000,287500.000000,256664.109375,114180
2013-12-17,294000.000000,295500.000000,289000.000000,291000.000000,259788.718750,173621
2013-12-18,296000.000000,296500.000000,291000.000000,292000.000000,260681.484375,151323
2013-12-19,292000.000000,293000.000000,275500.000000,280500.000000,250414.890625,398200
2013-12-20,279000.000000,285000.000000,278000.000000,281500.000000,251307.625000,129241
2013-12-23,284500.000000,286500.000000,283000.000000,285000.000000,254432.281250,128619
2013-12-24,287000.000000,288000.000000,285500.000000,287000.000000,256217.734375,104971
2013-12-26,288500.000000,289500.000000,286500.000000,288500.000000,257556.828125,123487
2013-12-27,286000.000000,290500.000000,285500.000000,289000.000000,259759.015625,78932
2013-12-30,289000.000000,295000.000000,287000.000000,293500.000000,263803.687500,155784
2014-01-02,296500.000000,297000.000000,277500.000000,279000.000000,250770.796875,244998
2014-01-03,280500.000000,282000.000000,274000.000000,276000.000000,248074.328125,229897
2014-01-06,276000.000000,282000.000000,273000.000000,279500.000000,251220.203125,129770
2014-01-07,278000.000000,284000.000000,277500.000000,277500.000000,249422.562500,149264
2014-01-08,278500.000000,279000.000000,274000.000000,276000.000000,248074.328125,160529
2014-01-09,276000.000000,280000.000000,270000.000000,270000.000000,242681.406250,252877
2014-01-10,274000.000000,278000.000000,272000.000000,273500.000000,245827.296875,144806
2014-01-13,275000.000000,283000.000000,275000.000000,279500.000000,251220.203125,177715
2014-01-14,280500.000000,285500.000000,277000.000000,280000.000000,251669.609375,202304
2014-01-15,284500.000000,285000.000000,279500.000000,280000.000000,251669.609375,101282
2014-01-16,279500.000000,283500.000000,279000.000000,281500.000000,253017.828125,129061
2014-01-17,284500.000000,287500.000000,282500.000000,283500.000000,254815.453125,213956
2014-01-20,281500.000000,289000.000000,280500.000000,287000.000000,257961.375000,145866
2014-01-21,289500.000000,295000.000000,286000.000000,292500.000000,262904.843750,214166
2014-01-22,292500.000000,295000.000000,289000.000000,292000.000000,262455.468750,142503
2014-01-23,293500.000000,294500.000000,288500.000000,292000.000000,262455.468750,162415
2014-01-24,292000.000000,292500.000000,285000.000000,292500.000000,262904.843750,151633
2014-01-27,285000.000000,305000.000000,284500.000000,294000.000000,264253.093750,348829
2014-01-28,297500.000000,309000.000000,295000.000000,304500.000000,273690.687500,506403
2014-01-29,304000.000000,313000.000000,302500.000000,310000.000000,278634.250000,295050
2014-02-03,302000.000000,304000.000000,298000.000000,301000.000000,270544.843750,339987
2014-02-04,295500.000000,301500.000000,295500.000000,295500.000000,265601.312500,295488
2014-02-05,300000.000000,309000.000000,299000.000000,307500.000000,276387.125000,222159
2014-02-06,310000.000000,311000.000000,303000.000000,306000.000000,275038.906250,214826
2014-02-07,303000.000000,310000.000000,303000.000000,309500.000000,278184.812500,170925
2014-02-10,304500.000000,314500.000000,303500.000000,313000.000000,281330.687500,139557
2014-02-11,312000.000000,319000.000000,310000.000000,312000.000000,280431.875000,150238
2014-02-12,310000.000000,315000.000000,306000.000000,310000.000000,278634.250000,216539
2014-02-13,310000.000000,315500.000000,309500.000000,313500.000000,281780.062500,109420
2014-02-14,314000.000000,318000.000000,311000.000000,317500.000000,285375.343750,98281
2014-02-17,316000.000000,317000.000000,305500.000000,306500.000000,275488.312500,245086
2014-02-18,308000.000000,308500.000000,302000.000000,306000.000000,275038.906250,168053
2014-02-19,303000.000000,305000.000000,299500.000000,305000.000000,274140.093750,181363
2014-02-20,301000.000000,308000.000000,301000.000000,307500.000000,276387.125000,158953
2014-02-21,309000.000000,312500.000000,308500.000000,312500.000000,280881.281250,121383
2014-02-24,310000.000000,312000.000000,308000.000000,311500.000000,279982.437500,74417
2014-02-25,314000.000000,314000.000000,309500.000000,313000.000000,281330.687500,120182
2014-02-26,310500.000000,313000.000000,301500.000000,311500.000000,279982.437500,161805
2014-02-27,308500.000000,311500.000000,306500.000000,308000.000000,276836.562500,175227
2014-02-28,309500.000000,313500.000000,308500.000000,313500.000000,281780.062500,166105
2014-03-03,309500.000000,313000.000000,307000.000000,312000.000000,280431.875000,128067
2014-03-04,305000.000000,308000.000000,302500.000000,303000.000000,272342.437500,203119
2014-03-05,306500.000000,307000.000000,301000.000000,302000.000000,271443.656250,176813
2014-03-06,303500.000000,305500.000000,301500.000000,304000.000000,273241.281250,113246
2014-03-07,305000.000000,305000.000000,301500.000000,303500.000000,272791.843750,96695
2014-03-10,302000.000000,304000.000000,299000.000000,301000.000000,270544.843750,98645
2014-03-11,301500.000000,304000.000000,298000.000000,303500.000000,272791.843750,102047
2014-03-12,303500.000000,305000.000000,298000.000000,299500.000000,269196.593750,129551
2014-03-13,301500.000000,301500.000000,295500.000000,295500.000000,265601.312500,133774
2014-03-14,294000.000000,298500.000000,291500.000000,296000.000000,266050.687500,147983
2014-03-17,294500.000000,303500.000000,294500.000000,301000.000000,270544.843750,105594
2014-03-18,301500.000000,303500.000000,299000.000000,302000.000000,271443.656250,79798
2014-03-19,300000.000000,306000.000000,300000.000000,304000.000000,273241.281250,89616
2014-03-20,301500.000000,304000.000000,299000.000000,299000.000000,268747.156250,99142
2014-03-21,303000.000000,305000.000000,300000.000000,301500.000000,270994.187500,97460
2014-03-24,305000.000000,305500.000000,301000.000000,303000.000000,272342.437500,91645
2014-03-25,301500.000000,306000.000000,300500.000000,306000.000000,275038.906250,90408
2014-03-26,304000.000000,312500.000000,304000.000000,312500.000000,280881.281250,179837
2014-03-27,312000.000000,318000.000000,310500.000000,317000.000000,284925.937500,181506
2014-03-28,319000.000000,319500.000000,314500.000000,318000.000000,285824.750000,151010
2014-03-31,315500.000000,318500.000000,311500.000000,315000.000000,283128.281250,171313
2014-04-01,317500.000000,319500.000000,314000.000000,318500.000000,286274.187500,180604
2014-04-02,322000.000000,322000.000000,316000.000000,321000.000000,288521.250000,134538
2014-04-03,323000.000000,323500.000000,312000.000000,315500.000000,283577.687500,156731
2014-04-04,318500.000000,318500.000000,314000.000000,316500.000000,284476.531250,223843
2014-04-07,320000.000000,320000.000000,309000.000000,314000.000000,282229.500000,204942
2014-04-08,312000.000000,317500.000000,312000.000000,315500.000000,283577.687500,119426
2014-04-09,314000.000000,317000.000000,309500.000000,315000.000000,283128.281250,175423
2014-04-10,315000.000000,315000.000000,301500.000000,306500.000000,275488.312500,391646
2014-04-11,301500.000000,303500.000000,300000.000000,301000.000000,270544.843750,278367
2014-04-14,300000.000000,307000.000000,300000.000000,306000.000000,275038.906250,136968
2014-04-15,311000.000000,311000.000000,302500.000000,306000.000000,275038.906250,168685
2014-04-16,307500.000000,308000.000000,302500.000000,307000.000000,275937.781250,103877
2014-04-17,309000.000000,309000.000000,304000.000000,308500.000000,277286.031250,103324
2014-04-18,310000.000000,313500.000000,308500.000000,312000.000000,280431.875000,111047
2014-04-21,310500.000000,312500.000000,307500.000000,310500.000000,279083.593750,101634
2014-04-22,309500.000000,311500.000000,306500.000000,308500.000000,277286.031250,91023
2014-04-23,311500.000000,312000.000000,304000.000000,304500.000000,273690.687500,122039
2014-04-24,308000.000000,309000.000000,305000.000000,308000.000000,276836.562500,121799
2014-04-25,305500.000000,308000.000000,300000.000000,302000.000000,271443.656250,222424
2014-04-28,302000.000000,304000.000000,300500.000000,301500.000000,270994.187500,190826
2014-04-29,301000.000000,303000.000000,300000.000000,301000.000000,270544.843750,128626
2014-04-30,301000.000000,302500.000000,291500.000000,295000.000000,265151.906250,282914
2014-05-02,296500.000000,297500.000000,292000.000000,294000.000000,264253.093750,171787
2014-05-07,294000.000000,295000.000000,284000.000000,284000.000000,255264.890625,311649
2014-05-08,285500.000000,291500.000000,284000.000000,290000.000000,260657.828125,207120
2014-05-09,291500.000000,292000.000000,287500.000000,290500.000000,261107.250000,126043
2014-05-12,289500.000000,290000.000000,282500.000000,286500.000000,257511.953125,174594
2014-05-13,288500.000000,292000.000000,286000.000000,290000.000000,260657.828125,190993
2014-05-14,292500.000000,301500.000000,291500.000000,301500.000000,270994.187500,316877
2014-05-15,302000.000000,304000.000000,298500.000000,303000.000000,272342.437500,160310
2014-05-16,300000.000000,302000.000000,295500.000000,297500.000000,267398.937500,162438
2014-05-19,299000.000000,299000.000000,292000.000000,296000.000000,266050.687500,252867
2014-05-20,299000.000000,299000.000000,291500.000000,294000.000000,264253.093750,142813
2014-05-21,294000.000000,296500.000000,292000.000000,294500.000000,264702.500000,117629
2014-05-22,294500.000000,297000.000000,291000.000000,297000.000000,266949.531250,122260
2014-05-23,297000.000000,299000.000000,295000.000000,297500.000000,267398.937500,106812
2014-05-26,296000.000000,299000.000000,294000.000000,294500.000000,264702.500000,93586
2014-05-27,295500.000000,295500.000000,287500.000000,289000.000000,259759.015625,142603
2014-05-28,288000.000000,292000.000000,288000.000000,292000.000000,262455.468750,137999
2014-05-29,292000.000000,292000.000000,288000.000000,291500.000000,262006.015625,142490
2014-05-30,289500.000000,293000.000000,287500.000000,288000.000000,258860.187500,153863
2014-06-02,289000.000000,290000.000000,285000.000000,287000.000000,257961.375000,111965
2014-06-03,285000.000000,292000.000000,278000.000000,292000.000000,262455.468750,211500
2014-06-05,294000.000000,294000.000000,284500.000000,287500.000000,258410.765625,171871
2014-06-09,290500.000000,290500.000000,282500.000000,288000.000000,258860.187500,114806
2014-06-10,289500.000000,289500.000000,283000.000000,284000.000000,255264.890625,203752
2014-06-11,285000.000000,291000.000000,284500.000000,289000.000000,259759.015625,284834
2014-06-12,288000.000000,288500.000000,284500.000000,285500.000000,256613.140625,221582
2014-06-13,285500.000000,287000.000000,283500.000000,285000.000000,256163.718750,135260
2014-06-16,285000.000000,286000.000000,283000.000000,285000.000000,256163.718750,188959
2014-06-17,285000.000000,293500.000000,285000.000000,292000.000000,262455.468750,194277
2014-06-18,289500.000000,292000.000000,283500.000000,283500.000000,254815.453125,201094
2014-06-19,286500.000000,288000.000000,282000.000000,285500.000000,256613.140625,198906
2014-06-20,287000.000000,287000.000000,280500.000000,280500.000000,252119.031250,155799
2014-06-23,282500.000000,282500.000000,275000.000000,278000.000000,249871.984375,187774
2014-06-24,276000.000000,282500.000000,276000.000000,281000.000000,252568.453125,180180
2014-06-25,282500.000000,283000.000000,278000.000000,280000.000000,251669.609375,136080
2014-06-26,283000.000000,284500.000000,280500.000000,284500.000000,255714.312500,146001
2014-06-27,282000.000000,285500.000000,280000.000000,281500.000000,253017.828125,167186
2014-06-30,283000.000000,284000.000000,281000.000000,284000.000000,255264.890625,145300
2014-07-01,281000.000000,282500.000000,275500.000000,277000.000000,248973.125000,328759
2014-07-02,277500.000000,279000.000000,275500.000000,278000.000000,249871.984375,195698
2014-07-03,279000.000000,280500.000000,278000.000000,279500.000000,251220.203125,140523
2014-07-04,281000.000000,282500.000000,280000.000000,281500.000000,253017.828125,158666
2014-07-07,282500.000000,282500.000000,276500.000000,279000.000000,250770.796875,175448
2014-07-08,279000.000000,281000.000000,272000.000000,272500.000000,244928.453125,264396
2014-07-09,273000.000000,273000.000000,270000.000000,272000.000000,244479.062500,127336
2014-07-10,273500.000000,280000.000000,272500.000000,279500.000000,251220.203125,248092
2014-07-11,277000.000000,278000.000000,270500.000000,272500.000000,244928.453125,236377
2014-07-14,276500.000000,277000.000000,273000.000000,273500.000000,245827.296875,122787
2014-07-15,275500.000000,288000.000000,275000.000000,285000.000000,256163.718750,309279
2014-07-16,286000.000000,290500.000000,284000.000000,284000.000000,255264.890625,224300
2014-07-17,287500.000000,289000.000000,281500.000000,284000.000000,255264.890625,145814
2014-07-18,282000.000000,285500.000000,282000.000000,285000.000000,256163.718750,89471
2014-07-21,288000.000000,288000.000000,277500.000000,278500.000000,250321.390625,109293
2014-07-22,279500.000000,282000.000000,276500.000000,279500.000000,251220.203125,108965
2014-07-23,280500.000000,280500.000000,274500.000000,277000.000000,248973.125000,159965
2014-07-24,279000.000000,280000.000000,272500.000000,280000.000000,251669.609375,317678
2014-07-25,281500.000000,284000.000000,277000.000000,281500.000000,253017.828125,134093
2014-07-28,282000.000000,283000.000000,278000.000000,281000.000000,252568.453125,159173
2014-07-29,283000.000000,297500.000000,281000.000000,295500.000000,265601.312500,423715
2014-07-30,294500.000000,302500.000000,294000.000000,301500.000000,270994.187500,376671
2014-07-31,302500.000000,309500.000000,301500.000000,309000.000000,277735.375000,430446
2014-08-01,312000.000000,312000.000000,303500.000000,309500.000000,278184.812500,258317
2014-08-04,309500.000000,311500.000000,300500.000000,302000.000000,271443.656250,184950
2014-08-05,300000.000000,303000.000000,297500.000000,300500.000000,270095.437500,134994
2014-08-06,301000.000000,304000.000000,291500.000000,294500.000000,264702.500000,179689
2014-08-07,294500.000000,298500.000000,292000.000000,297500.000000,267398.937500,161294
2014-08-08,297500.000000,297500.000000,289500.000000,291000.000000,261556.625000,128017
2014-08-11,297000.000000,298000.000000,292500.000000,295500.000000,265601.312500,92690
2014-08-12,298000.000000,299500.000000,292000.000000,293500.000000,263803.687500,142152
2014-08-13,293500.000000,296500.000000,291000.000000,296500.000000,266500.093750,154787
2014-08-14,293500.000000,297500.000000,291000.000000,294500.000000,264702.500000,143177
2014-08-18,300000.000000,300000.000000,286000.000000,286000.000000,257062.546875,186035
2014-08-19,289500.000000,295500.000000,288500.000000,291000.000000,261556.625000,257013
2014-08-20,294000.000000,294000.000000,287000.000000,290000.000000,260657.828125,141071
2014-08-21,290000.000000,290500.000000,280500.000000,284000.000000,255264.890625,199708
2014-08-22,286500.000000,286500.000000,282500.000000,286000.000000,257062.546875,110160
2014-08-25,286000.000000,289500.000000,284000.000000,285000.000000,256163.718750,93122
2014-08-26,287000.000000,292000.000000,284500.000000,287000.000000,257961.375000,104085
2014-08-27,288500.000000,291500.000000,285500.000000,287500.000000,258410.765625,110358
2014-08-28,286500.000000,290000.000000,285500.000000,287500.000000,258410.765625,129598
2014-08-29,286500.000000,295000.000000,285500.000000,294000.000000,264253.093750,193436
2014-09-01,291500.000000,293500.000000,290500.000000,293500.000000,263803.687500,66574
2014-09-02,291000.000000,293000.000000,282000.000000,285000.000000,256163.718750,192594
2014-09-03,286000.000000,288000.000000,282000.000000,283000.000000,254366.062500,109228
2014-09-04,283000.000000,284500.000000,279000.000000,280500.000000,252119.031250,178565
2014-09-05,281000.000000,281000.000000,274000.000000,274500.000000,246726.078125,248347
2014-09-11,278500.000000,278500.000000,272000.000000,272000.000000,244479.062500,419074
2014-09-12,272000.000000,277000.000000,272000.000000,274000.000000,246276.671875,226770
2014-09-15,275000.000000,281500.000000,273500.000000,280000.000000,251669.609375,164153
2014-09-16,280000.000000,281500.000000,276000.000000,277000.000000,248973.125000,129139
2014-09-17,281000.000000,281000.000000,277500.000000,279000.000000,250770.796875,127874
2014-09-18,281000.000000,282000.000000,255500.000000,257000.000000,230996.734375,749606
2014-09-19,255000.000000,259500.000000,250500.000000,253000.000000,227401.453125,744830
2014-09-22,254000.000000,255500.000000,251000.000000,252500.000000,226952.046875,236929
2014-09-23,251000.000000,251500.000000,245000.000000,247500.000000,222457.937500,339037
2014-09-24,246500.000000,254000.000000,246500.000000,249500.000000,224255.609375,195655
2014-09-25,253000.000000,258500.000000,251500.000000,253500.000000,227850.859375,340844
2014-09-26,250500.000000,255000.000000,248500.000000,255000.000000,229199.078125,157006
2014-09-29,257000.000000,258500.000000,253500.000000,256500.000000,230547.312500,173341
2014-09-30,257000.000000,258000.000000,252500.000000,257000.000000,230996.734375,144758
2014-10-01,253500.000000,256500.000000,248000.000000,250000.000000,224705.015625,211381
2014-10-02,248500.000000,250000.000000,235500.000000,238000.000000,213919.171875,381622
2014-10-06,242500.000000,246500.000000,239000.000000,241000.000000,216615.625000,280652
2014-10-07,242000.000000,248000.000000,241500.000000,248000.000000,222907.390625,203297
2014-10-08,248000.000000,248500.000000,240500.000000,242000.000000,217514.437500,240833
2014-10-10,243000.000000,249000.000000,237500.000000,248500.000000,223356.781250,198072
2014-10-13,244500.000000,254000.000000,244500.000000,253000.000000,227401.453125,229149
2014-10-14,255500.000000,255500.000000,243000.000000,248500.000000,223356.781250,258659
2014-10-15,251000.000000,252000.000000,241500.000000,244000.000000,219312.078125,202864
2014-10-16,242000.000000,242500.000000,230000.000000,235000.000000,211222.703125,355020
2014-10-17,232000.000000,237500.000000,232000.000000,235000.000000,211222.703125,200475
2014-10-20,239000.000000,240500.000000,236500.000000,238500.000000,214368.562500,228679
2014-10-21,238500.000000,239500.000000,232500.000000,238000.000000,213919.171875,205833
2014-10-22,240500.000000,240500.000000,226000.000000,228500.000000,205380.375000,375000
2014-10-23,230500.000000,240000.000000,229000.000000,239500.000000,215267.390625,349381
2014-10-24,240500.000000,245000.000000,228500.000000,241000.000000,216615.625000,374863
2014-10-27,241500.000000,255500.000000,241500.000000,251500.000000,226053.234375,361831
2014-10-28,252000.000000,256000.000000,248000.000000,252000.000000,226502.640625,197934
2014-10-29,252500.000000,254500.000000,246500.000000,249000.000000,223806.203125,252386
2014-10-30,252000.000000,254500.000000,250000.000000,252500.000000,226952.046875,265299
2014-10-31,251500.000000,254000.000000,245500.000000,250000.000000,224705.015625,255897
2014-11-03,248500.000000,249000.000000,235000.000000,240000.000000,215716.796875,322031
2014-11-04,243000.000000,243000.000000,232000.000000,239000.000000,214817.984375,294959
2014-11-05,240000.000000,242500.000000,231500.000000,233000.000000,209425.093750,178476
2014-11-06,232000.000000,241500.000000,230500.000000,240500.000000,216166.203125,254930
2014-11-07,238500.000000,243500.000000,236500.000000,237000.000000,213020.343750,200454
2014-11-10,239500.000000,245000.000000,237500.000000,238000.000000,213919.171875,346120
2014-11-11,237500.000000,246500.000000,233000.000000,235000.000000,211222.703125,506574
2014-11-12,235000.000000,239000.000000,231500.000000,233000.000000,209425.093750,501882
2014-11-13,234500.000000,239000.000000,233000.000000,237000.000000,213020.343750,198099
2014-11-14,237000.000000,239000.000000,234000.000000,237000.000000,213020.343750,219894
2014-11-17,236000.000000,236500.000000,232500.000000,234500.000000,210773.312500,173442
2014-11-18,234000.000000,236000.000000,232500.000000,234500.000000,210773.312500,163485
2014-11-19,236500.000000,238000.000000,233500.000000,238000.000000,213919.171875,246083
2014-11-20,236000.000000,237500.000000,232500.000000,235000.000000,211222.703125,180604
2014-11-21,236500.000000,236500.000000,233500.000000,234500.000000,210773.312500,125310
2014-11-24,236500.000000,243500.000000,236000.000000,242500.000000,217963.859375,231064
2014-11-25,244500.000000,244500.000000,238000.000000,241500.000000,217065.015625,217988
2014-11-26,240500.000000,242000.000000,237000.000000,240500.000000,216166.203125,117919
2014-11-27,239500.000000,249500.000000,238500.000000,249000.000000,223806.203125,305174
2014-11-28,251500.000000,251500.000000,244500.000000,247000.000000,222008.546875,130882
2014-12-01,245000.000000,249000.000000,241500.000000,249000.000000,223806.203125,154666
2014-12-02,247500.000000,248000.000000,241500.000000,241500.000000,217065.015625,171413
2014-12-03,241500.000000,248500.000000,240500.000000,242000.000000,217514.437500,140733
2014-12-04,242500.000000,254000.000000,242500.000000,253500.000000,227850.859375,273353
2014-12-05,254000.000000,256500.000000,251000.000000,255500.000000,229648.531250,155292
2014-12-08,255000.000000,258000.000000,250000.000000,251500.000000,226053.234375,106984
2014-12-09,249000.000000,249500.000000,245500.000000,246000.000000,221109.734375,121419
2014-12-10,245000.000000,249000.000000,243000.000000,245000.000000,220210.921875,152898
2014-12-11,241000.000000,247000.000000,241000.000000,243500.000000,218862.656250,256298
2014-12-12,243500.000000,248000.000000,242000.000000,245000.000000,220210.921875,197663
2014-12-15,243500.000000,247000.000000,241000.000000,247000.000000,222008.546875,128297
2014-12-16,243000.000000,245500.000000,241000.000000,242500.000000,217963.859375,193520
2014-12-17,244000.000000,245000.000000,235500.000000,236500.000000,212570.921875,262776
2014-12-18,240000.000000,240000.000000,233500.000000,235000.000000,211222.703125,160040
2014-12-19,238500.000000,239500.000000,235500.000000,237000.000000,213020.343750,120849
2014-12-22,239500.000000,240000.000000,236500.000000,237500.000000,213469.750000,159193
2014-12-23,236500.000000,237000.000000,232000.000000,233500.000000,209874.484375,266814
2014-12-24,235000.000000,241000.000000,232000.000000,238500.000000,214368.562500,164677
2014-12-26,238000.000000,240500.000000,237500.000000,239500.000000,215267.390625,87209
2014-12-29,240000.000000,241000.000000,236500.000000,237000.000000,215722.515625,113951
2014-12-30,239500.000000,239500.000000,233500.000000,236000.000000,214812.281250,110288
2015-01-02,233500.000000,240000.000000,232500.000000,239500.000000,217998.046875,137678
2015-01-05,237000.000000,239500.000000,232000.000000,238000.000000,216632.734375,167481
2015-01-06,236000.000000,236000.000000,226500.000000,229000.000000,208440.734375,358672
2015-01-07,229000.000000,231000.000000,226000.000000,230500.000000,209806.062500,200603
2015-01-08,230500.000000,232500.000000,229000.000000,230500.000000,209806.062500,190750
2015-01-09,233000.000000,238000.000000,231000.000000,238000.000000,216632.734375,313468
2015-01-12,237000.000000,239000.000000,234000.000000,238000.000000,216632.734375,250696
2015-01-13,255500.000000,271500.000000,254000.000000,265500.000000,241663.828125,1755713
2015-01-14,265500.000000,267000.000000,251500.000000,255000.000000,232106.500000,834722
2015-01-15,259000.000000,261500.000000,253000.000000,259000.000000,235747.390625,422930
2015-01-16,251500.000000,258500.000000,250000.000000,254000.000000,231196.281250,278196
2015-01-19,253000.000000,255000.000000,249500.000000,251500.000000,228920.718750,175842
2015-01-20,250000.000000,252000.000000,247000.000000,250000.000000,227555.390625,160436
2015-01-21,251500.000000,256500.000000,249000.000000,252000.000000,229375.828125,444653
2015-01-22,247000.000000,255500.000000,246500.000000,250500.000000,228010.484375,276798
2015-01-23,253500.000000,257500.000000,248500.000000,255000.000000,232106.500000,469112
2015-01-26,253000.000000,258500.000000,252000.000000,255000.000000,232106.500000,301366
2015-01-27,258500.000000,262500.000000,256000.000000,258500.000000,235292.265625,284750
2015-01-28,255000.000000,257500.000000,253000.000000,254000.000000,231196.281250,281405
2015-01-29,252500.000000,256000.000000,249000.000000,250000.000000,227555.390625,296269
2015-01-30,249000.000000,252500.000000,246500.000000,248000.000000,225734.953125,276129
2015-02-02,248500.000000,252500.000000,247500.000000,249500.000000,227100.281250,168396
2015-02-03,250000.000000,251500.000000,243000.000000,246000.000000,223914.500000,241541
2015-02-04,246500.000000,249000.000000,245000.000000,248500.000000,226190.046875,133234
2015-02-05,248500.000000,257000.000000,248500.000000,253500.000000,230741.140625,247314
2015-02-06,259500.000000,260000.000000,240000.000000,242500.000000,220728.718750,779016
2015-02-09,243000.000000,243000.000000,236000.000000,236500.000000,215267.375000,253824
2015-02-10,236500.000000,239500.000000,235500.000000,236000.000000,214812.281250,213813
2015-02-11,235500.000000,237000.000000,234500.000000,236500.000000,215267.375000,155709
2015-02-12,239500.000000,243000.000000,237000.000000,241500.000000,219818.500000,226668
2015-02-13,241500.000000,243500.000000,238500.000000,241000.000000,219363.390625,163987
2015-02-16,240000.000000,241000.000000,236500.000000,240000.000000,218453.171875,115698
2015-02-17,240000.000000,243500.000000,239000.000000,243000.000000,221183.843750,109885
2015-02-23,246500.000000,248500.000000,243500.000000,248500.000000,226190.046875,199088
2015-02-24,251500.000000,252000.000000,247500.000000,249500.000000,227100.281250,150246
2015-02-25,250000.000000,252500.000000,248000.000000,251000.000000,228465.609375,125196
2015-02-26,251000.000000,251000.000000,248000.000000,249500.000000,227100.281250,153726
2015-02-27,251000.000000,252000.000000,247000.000000,249500.000000,227100.281250,283435
2015-03-02,251000.000000,251500.000000,247000.000000,247500.000000,225279.828125,176837
2015-03-03,248000.000000,259500.000000,248000.000000,256000.000000,233016.718750,293418
2015-03-04,256500.000000,261500.000000,253000.000000,254500.000000,231651.375000,210231
2015-03-05,252500.000000,257000.000000,251500.000000,254500.000000,231651.375000,107739
2015-03-06,258000.000000,258000.000000,255500.000000,257000.000000,233926.921875,130488
2015-03-09,255000.000000,260500.000000,254500.000000,257000.000000,233926.921875,165233
2015-03-10,256500.000000,258500.000000,255000.000000,256500.000000,233471.828125,140506
2015-03-11,255000.000000,259500.000000,251500.000000,258000.000000,234837.156250,245549
2015-03-12,253000.000000,258500.000000,250000.000000,251000.000000,228465.609375,276044
2015-03-13,252500.000000,253000.000000,249000.000000,250500.000000,228010.484375,130841
2015-03-16,249000.000000,254000.000000,246000.000000,252000.000000,229375.828125,137079
2015-03-17,253500.000000,261500.000000,252500.000000,258500.000000,235292.265625,221810
2015-03-18,261000.000000,262000.000000,257500.000000,260000.000000,236657.609375,175711
2015-03-19,261500.000000,262000.000000,257000.000000,261000.000000,237567.843750,200188
2015-03-20,258000.000000,260000.000000,251500.000000,253500.000000,230741.140625,277306
2015-03-23,254500.000000,255000.000000,248500.000000,249500.000000,227100.281250,223751
2015-03-24,251500.000000,252000.000000,249000.000000,250000.000000,227555.390625,201265
2015-03-25,249500.000000,251500.000000,245000.000000,246500.000000,224369.609375,252991
2015-03-26,246500.000000,247500.000000,244500.000000,246500.000000,224369.609375,128473
2015-03-27,246500.000000,248000.000000,245000.000000,246000.000000,223914.500000,111258
2015-03-30,245500.000000,247000.000000,244500.000000,245500.000000,223459.375000,86183
2015-03-31,246500.000000,248500.000000,245000.000000,246500.000000,224369.609375,156318
2015-04-01,247000.000000,247500.000000,241000.000000,243500.000000,221638.937500,193939
2015-04-02,243500.000000,245500.000000,239500.000000,240500.000000,218908.281250,128012
2015-04-03,241000.000000,243500.000000,239000.000000,241000.000000,219363.390625,113740
2015-04-06,241000.000000,241500.000000,235000.000000,235500.000000,214357.156250,189660
2015-04-07,235500.000000,236500.000000,231500.000000,236500.000000,215267.375000,227809
2015-04-08,236500.000000,241500.000000,236000.000000,240500.000000,218908.281250,199163
2015-04-09,240500.000000,240500.000000,232500.000000,233000.000000,212081.640625,337676
2015-04-10,234000.000000,237500.000000,233500.000000,234000.000000,212991.843750,447926
2015-04-13,235000.000000,235500.000000,230000.000000,231000.000000,210261.171875,339497
2015-04-14,231500.000000,235000.000000,229500.000000,235000.000000,213902.046875,374728
2015-04-15,236000.000000,238000.000000,233500.000000,236000.000000,214812.281250,304052
2015-04-16,236000.000000,237500.000000,234000.000000,236000.000000,214812.281250,267707
2015-04-17,237500.000000,242000.000000,237500.000000,240500.000000,218908.281250,280113
2015-04-20,237500.000000,242000.000000,236000.000000,241000.000000,219363.390625,192441
2015-04-21,242500.000000,243000.000000,237000.000000,238000.000000,216632.734375,226910
2015-04-22,239000.000000,241500.000000,238500.000000,239500.000000,217998.046875,229249
2015-04-23,241000.000000,247000.000000,240500.000000,246000.000000,223914.500000,316044
2015-04-24,248500.000000,256500.000000,247500.000000,252500.000000,229830.937500,477986
2015-04-27,252500.000000,254500.000000,243000.000000,243500.000000,221638.937500,351365
2015-04-28,243500.000000,245000.000000,240000.000000,240500.000000,218908.281250,200440
2015-04-29,240000.000000,240500.000000,237000.000000,239500.000000,217998.046875,179653
2015-04-30,236500.000000,238500.000000,235000.000000,236500.000000,215267.375000,178279
2015-05-04,237000.000000,238500.000000,236500.000000,237500.000000,216177.609375,109331
2015-05-06,238500.000000,241000.000000,235500.000000,237000.000000,215722.515625,157437
2015-05-07,237000.000000,239000.000000,235500.000000,238000.000000,216632.734375,177507
2015-05-08,237500.000000,239000.000000,237500.000000,237500.000000,216177.609375,200640
2015-05-11,238500.000000,241500.000000,235500.000000,236000.000000,214812.281250,167375
2015-05-12,236000.000000,237500.000000,235000.000000,236000.000000,214812.281250,173992
2015-05-13,236000.000000,237500.000000,234500.000000,235000.000000,213902.046875,249306
2015-05-14,235000.000000,235500.000000,233500.000000,234500.000000,213446.968750,193460
2015-05-15,234500.000000,236500.000000,229000.000000,230500.000000,209806.062500,252687
2015-05-18,228500.000000,231500.000000,226000.000000,227000.000000,206620.312500,210451
2015-05-19,227500.000000,228500.000000,225500.000000,226000.000000,205710.078125,145194
2015-05-20,228000.000000,233000.000000,227500.000000,232000.000000,211171.406250,242552
2015-05-21,233000.000000,233500.000000,230000.000000,232000.000000,211171.406250,223723
2015-05-22,232000.000000,233000.000000,230000.000000,231500.000000,210716.296875,282824
2015-05-26,229500.000000,230500.000000,226000.000000,227000.000000,206620.312500,310581
2015-05-27,226500.000000,230000.000000,224000.000000,225500.000000,205254.953125,295843
2015-05-28,224000.000000,227500.000000,224000.000000,226500.000000,206165.187500,207181
2015-05-29,224000.000000,226000.000000,222000.000000,223500.000000,203434.531250,366439
2015-06-01,221500.000000,223000.000000,217000.000000,218500.000000,198883.421875,407987
2015-06-02,216000.000000,216500.000000,197500.000000,200000.000000,182044.312500,1184163
2015-06-03,200000.000000,206500.000000,198000.000000,204500.000000,186140.312500,668240
2015-06-04,204500.000000,206500.000000,202000.000000,203500.000000,185230.078125,332155
2015-06-05,206500.000000,216000.000000,206000.000000,214000.000000,194787.390625,566114
2015-06-08,210500.000000,214500.000000,204500.000000,209000.000000,190236.296875,195004
2015-06-09,209500.000000,212500.000000,205000.000000,206500.000000,187960.750000,176653
2015-06-10,209500.000000,213000.000000,205000.000000,208000.000000,189326.062500,177628
2015-06-11,211500.000000,223000.000000,210500.000000,217500.000000,197973.203125,522307
2015-06-12,217000.000000,218000.000000,210000.000000,213000.000000,193877.171875,234569
2015-06-15,213000.000000,218500.000000,210500.000000,215000.000000,195697.656250,166768
2015-06-16,219000.000000,220000.000000,208000.000000,211500.000000,192511.843750,328509
2015-06-17,212500.000000,214500.000000,207000.000000,211000.000000,192056.734375,173881
2015-06-18,211000.000000,213500.000000,203500.000000,205000.000000,186595.406250,293916
2015-06-19,206500.000000,206500.000000,202500.000000,205000.000000,186595.406250,241948
2015-06-22,209500.000000,210000.000000,204000.000000,205500.000000,187050.531250,154281
2015-06-23,209500.000000,209500.000000,201000.000000,201000.000000,182954.515625,217969
2015-06-24,203500.000000,210000.000000,203000.000000,210000.000000,191146.531250,326214
2015-06-25,209500.000000,209500.000000,206500.000000,208000.000000,189326.062500,159282
2015-06-26,207000.000000,212500.000000,207000.000000,209000.000000,190236.296875,319535
2015-06-29,209000.000000,210000.000000,205500.000000,210000.000000,191146.531250,217526
2015-06-30,209500.000000,213500.000000,209000.000000,212000.000000,192966.968750,305240
2015-07-01,210000.000000,212500.000000,206000.000000,208500.000000,189781.203125,256230
2015-07-02,210000.000000,210500.000000,202000.000000,205000.000000,186595.406250,457138
2015-07-03,206000.000000,206500.000000,201000.000000,205500.000000,187050.531250,247225
2015-07-06,202000.000000,204000.000000,201500.000000,202500.000000,184319.859375,192336
2015-07-07,202000.000000,204500.000000,199500.000000,202500.000000,184319.859375,219655
2015-07-08,203500.000000,206000.000000,201500.000000,202500.000000,184319.859375,275239
2015-07-09,200000.000000,202000.000000,198500.000000,200000.000000,182044.312500,238170
2015-07-10,200500.000000,202000.000000,195000.000000,195500.000000,177948.343750,266150
2015-07-13,196000.000000,196000.000000,191000.000000,194000.000000,176583.000000,207419
2015-07-14,193500.000000,198000.000000,193500.000000,197000.000000,179313.640625,142816
2015-07-15,195500.000000,203000.000000,195500.000000,201000.000000,182954.515625,160707
2015-07-16,205000.000000,206000.000000,197000.000000,197000.000000,179313.640625,274479
2015-07-17,197000.000000,197500.000000,185500.000000,185500.000000,168846.093750,412811
2015-07-20,186500.000000,191000.000000,186000.000000,190500.000000,173397.203125,199559
2015-07-21,192000.000000,198500.000000,190000.000000,194500.000000,177038.093750,365878
2015-07-22,197000.000000,199000.000000,191500.000000,198000.000000,180223.875000,298675
2015-07-23,200000.000000,202500.000000,199000.000000,201000.000000,182954.515625,223060
2015-07-24,200000.000000,202500.000000,199500.000000,201500.000000,183409.640625,290028
2015-07-27,201500.000000,216500.000000,201500.000000,214000.000000,194787.390625,506037
2015-07-28,212000.000000,216000.000000,211000.000000,214000.000000,194787.390625,446244
2015-07-29,214500.000000,215500.000000,206000.000000,210500.000000,191601.640625,357868
2015-07-30,210500.000000,217500.000000,207500.000000,211000.000000,192056.734375,183367
2015-07-31,216000.000000,216000.000000,210500.000000,213500.000000,194332.312500,233318
2015-08-03,213000.000000,213000.000000,206500.000000,207500.000000,188870.984375,220371
2015-08-04,207000.000000,211500.000000,205500.000000,210000.000000,191146.531250,168538
2015-08-05,214500.000000,214500.000000,206000.000000,210000.000000,191146.531250,143299
2015-08-06,208000.000000,209000.000000,205000.000000,206500.000000,187960.750000,230792
2015-08-07,206000.000000,207500.000000,204000.000000,206000.000000,187505.640625,152087
2015-08-10,205000.000000,209500.000000,203500.000000,208500.000000,189781.203125,102924
2015-08-11,209500.000000,209500.000000,204000.000000,207000.000000,188415.859375,116813
2015-08-12,204000.000000,214500.000000,204000.000000,212000.000000,192966.968750,255098
2015-08-13,210000.000000,212000.000000,205000.000000,205000.000000,186595.406250,226383
2015-08-14,205000.000000,205000.000000,205000.000000,205000.000000,186595.406250,0
2015-08-17,205000.000000,207000.000000,202500.000000,204000.000000,185685.203125,153548
2015-08-18,206000.000000,210500.000000,205000.000000,209500.000000,190691.406250,173025
2015-08-19,209000.000000,211000.000000,205500.000000,208500.000000,189781.203125,247791
2015-08-20,205500.000000,207500.000000,201000.000000,204500.000000,186140.312500,245844
2015-08-21,200000.000000,203000.000000,196000.000000,200500.000000,182499.406250,234566
2015-08-24,197500.000000,200500.000000,190500.000000,194500.000000,177038.093750,196927
2015-08-25,195000.000000,205000.000000,191000.000000,198000.000000,180223.875000,263719
2015-08-26,196500.000000,204500.000000,196000.000000,203500.000000,185230.078125,247975
2015-08-27,204500.000000,206000.000000,200000.000000,200500.000000,182499.406250,210775
2015-08-28,200000.000000,203000.000000,198000.000000,201500.000000,183409.640625,215120
2015-08-31,201000.000000,206500.000000,200000.000000,206500.000000,187960.750000,238969
2015-09-01,204500.000000,206500.000000,201500.000000,203000.000000,184774.953125,125550
2015-09-02,200500.000000,209500.000000,200000.000000,207000.000000,188415.859375,169752
2015-09-03,207000.000000,209000.000000,205500.000000,207000.000000,188415.859375,139759
2015-09-04,207000.000000,209000.000000,204000.000000,204500.000000,186140.312500,132974
2015-09-07,203500.000000,209000.000000,203500.000000,208500.000000,189781.203125,154407
2015-09-08,210000.000000,212500.000000,208500.000000,211500.000000,192511.843750,239802
2015-09-09,214000.000000,216500.000000,211500.000000,216000.000000,196607.875000,254858
2015-09-10,215000.000000,219000.000000,213500.000000,217000.000000,197518.093750,225768
2015-09-11,213500.000000,216500.000000,213000.000000,214500.000000,195242.515625,156216
2015-09-14,215500.000000,215500.000000,209500.000000,214500.000000,195242.515625,108861
2015-09-15,214500.000000,215500.000000,212000.000000,213500.000000,194332.312500,122502
2015-09-16,212500.000000,220000.000000,212500.000000,219000.000000,199338.515625,306579
2015-09-17,221000.000000,221000.000000,211500.000000,213000.000000,193877.171875,298287
2015-09-18,213000.000000,213000.000000,209000.000000,210000.000000,191146.531250,238752
2015-09-21,209500.000000,211500.000000,206500.000000,207500.000000,188870.984375,138428
2015-09-22,208500.000000,218500.000000,208500.000000,218000.000000,198428.296875,292900
2015-09-23,215500.000000,217500.000000,211500.000000,212500.000000,193422.078125,177152
2015-09-24,221000.000000,225000.000000,215000.000000,215000.000000,195697.656250,454289
2015-09-25,217500.000000,224500.000000,217500.000000,222500.000000,202524.296875,344487
2015-09-30,222500.000000,232500.000000,219000.000000,231500.000000,210716.296875,436261
2015-10-01,229000.000000,236500.000000,229000.000000,234500.000000,213446.968750,210914
2015-10-02,234000.000000,237000.000000,231500.000000,234500.000000,213446.968750,170466
2015-10-05,233000.000000,235500.000000,229000.000000,231000.000000,210261.171875,175135
2015-10-06,227000.000000,230000.000000,220500.000000,229000.000000,208440.734375,201753
2015-10-07,223000.000000,231500.000000,222500.000000,228500.000000,207985.625000,138499
2015-10-08,231500.000000,236500.000000,229000.000000,236500.000000,215267.375000,161712
2015-10-12,237000.000000,237000.000000,230000.000000,231500.000000,210716.296875,193639
2015-10-13,233500.000000,235000.000000,231000.000000,235000.000000,213902.046875,179950
2015-10-14,235500.000000,238000.000000,232500.000000,237000.000000,215722.515625,170512
2015-10-15,237000.000000,239000.000000,232500.000000,238000.000000,216632.734375,156542
2015-10-16,238000.000000,238500.000000,232000.000000,234000.000000,212991.843750,212948
2015-10-19,234500.000000,236000.000000,233500.000000,235000.000000,213902.046875,102215
2015-10-20,236000.000000,236500.000000,234000.000000,236000.000000,214812.281250,117657
2015-10-21,236500.000000,237000.000000,234500.000000,236000.000000,214812.281250,120231
2015-10-22,233500.000000,239500.000000,233500.000000,235000.000000,213902.046875,165119
2015-10-23,238500.000000,239000.000000,235500.000000,237500.000000,216177.609375,139895
2015-10-26,238500.000000,242000.000000,234500.000000,241500.000000,219818.500000,150479
2015-10-27,240000.000000,245000.000000,240000.000000,243500.000000,221638.937500,111350
2015-10-28,243500.000000,243500.000000,238000.000000,240500.000000,218908.281250,117963
2015-10-29,236500.000000,240500.000000,236000.000000,238500.000000,217087.828125,74019
2015-10-30,239000.000000,243000.000000,237500.000000,240000.000000,218453.171875,132089
2015-11-02,238000.000000,241000.000000,236000.000000,240000.000000,218453.171875,83819
2015-11-03,239000.000000,248000.000000,238500.000000,247000.000000,224824.703125,227891
2015-11-04,250000.000000,255500.000000,248500.000000,252500.000000,229830.937500,234795
2015-11-05,254000.000000,254000.000000,250000.000000,252000.000000,229375.828125,131376
2015-11-06,252000.000000,252500.000000,249000.000000,250500.000000,228010.484375,75450
2015-11-09,255500.000000,255500.000000,250000.000000,253500.000000,230741.140625,117692
2015-11-10,254500.000000,256500.000000,252000.000000,255000.000000,232106.500000,172322
2015-11-11,255500.000000,255500.000000,249500.000000,253000.000000,230286.031250,136449
2015-11-12,255000.000000,256000.000000,252000.000000,254000.000000,231196.281250,79103
2015-11-13,248500.000000,252500.000000,247500.000000,247500.000000,225279.828125,136696
2015-11-16,240000.000000,250500.000000,240000.000000,247000.000000,224824.703125,231355
2015-11-17,251500.000000,252000.000000,240500.000000,242500.000000,220728.718750,209611
2015-11-18,246500.000000,251500.000000,242500.000000,250500.000000,228010.484375,160697
2015-11-19,249000.000000,254500.000000,249000.000000,252000.000000,229375.828125,106447
2015-11-20,252500.000000,254000.000000,251000.000000,253000.000000,230286.031250,84152
2015-11-23,247500.000000,251000.000000,245500.000000,247500.000000,225279.828125,163258
2015-11-24,246000.000000,249000.000000,245500.000000,247000.000000,224824.703125,144662
2015-11-25,247000.000000,250000.000000,246500.000000,247000.000000,224824.703125,100830
2015-11-26,248000.000000,252500.000000,247000.000000,251000.000000,228465.609375,85553
2015-11-27,252500.000000,253000.000000,249000.000000,252000.000000,229375.828125,90566
2015-11-30,249000.000000,252000.000000,244000.000000,249500.000000,227100.281250,297962
2015-12-01,246500.000000,248500.000000,245000.000000,247000.000000,224824.703125,266767
2015-12-02,246500.000000,247000.000000,243000.000000,244500.000000,222549.156250,172644
2015-12-03,247000.000000,247000.000000,241000.000000,241500.000000,219818.500000,151091
2015-12-04,241000.000000,241500.000000,237000.000000,238500.000000,217087.828125,212979
2015-12-07,241000.000000,241500.000000,237500.000000,238500.000000,217087.828125,87287
2015-12-08,239000.000000,241500.000000,236500.000000,236500.000000,215267.375000,115665
2015-12-09,230500.000000,234500.000000,228500.000000,231000.000000,210261.171875,225386
2015-12-10,229000.000000,238000.000000,228500.000000,234500.000000,213446.968750,198851
2015-12-11,231000.000000,235000.000000,230000.000000,234500.000000,213446.968750,214979
2015-12-14,234000.000000,245000.000000,232000.000000,243000.000000,221183.843750,207990
2015-12-15,241500.000000,247500.000000,241500.000000,246500.000000,224369.609375,163531
2015-12-16,250000.000000,253000.000000,247500.000000,251000.000000,228465.609375,177504
2015-12-17,251000.000000,253000.000000,245500.000000,250000.000000,227555.390625,156919
2015-12-18,247000.000000,251000.000000,241500.000000,251000.000000,228465.609375,166935
2015-12-21,252000.000000,252000.000000,245000.000000,249000.000000,226645.187500,80235
2015-12-22,246500.000000,254000.000000,246000.000000,253500.000000,230741.140625,181486
2015-12-23,250500.000000,253500.000000,249000.000000,250500.000000,228010.484375,115569
2015-12-24,252000.000000,254000.000000,250500.000000,252500.000000,229830.937500,120559
2015-12-28,252500.000000,253000.000000,248500.000000,249500.000000,227100.281250,96160
2015-12-29,246500.000000,249000.000000,245000.000000,247500.000000,228485.031250,56840
2015-12-30,247500.000000,249500.000000,243500.000000,246500.000000,227561.859375,88619
2016-01-04,242000.000000,242500.000000,237000.000000,238000.000000,219714.906250,171144
2016-01-05,234000.000000,241500.000000,234000.000000,237000.000000,218791.734375,168161
2016-01-06,235500.000000,239000.000000,233500.000000,234500.000000,216483.812500,157567
2016-01-07,234500.000000,239000.000000,232000.000000,237000.000000,218791.734375,135834
2016-01-08,238500.000000,244500.000000,235500.000000,238500.000000,220176.484375,145124
2016-01-11,233000.000000,245500.000000,233000.000000,241000.000000,222484.421875,131389
2016-01-12,244000.000000,247000.000000,239000.000000,241500.000000,222946.000000,127780
2016-01-13,248000.000000,250000.000000,244500.000000,247000.000000,228023.437500,160042
2016-01-14,243000.000000,246000.000000,241000.000000,245000.000000,226177.109375,150647
2016-01-15,244500.000000,247000.000000,241000.000000,245000.000000,226177.109375,123001
2016-01-18,238500.000000,245000.000000,235500.000000,242000.000000,223407.593750,122877
2016-01-19,241500.000000,247000.000000,237500.000000,245000.000000,226177.109375,128866
2016-01-20,243000.000000,245000.000000,236000.000000,239000.000000,220638.078125,127831
2016-01-21,240000.000000,246000.000000,239000.000000,240000.000000,221561.250000,147507
2016-01-22,242500.000000,250500.000000,240500.000000,247500.000000,228485.031250,159848
2016-01-25,251000.000000,251000.000000,245500.000000,247500.000000,228485.031250,96415
2016-01-26,243000.000000,244500.000000,239000.000000,243500.000000,224792.343750,122391
2016-01-27,246500.000000,255500.000000,244000.000000,255500.000000,235870.406250,249731
2016-01-28,254000.000000,272000.000000,252500.000000,271000.000000,250179.578125,421911
2016-01-29,265000.000000,269000.000000,256500.000000,258500.000000,238639.921875,415318
2016-02-01,254500.000000,258000.000000,249500.000000,251000.000000,231716.140625,297224
2016-02-02,249500.000000,252500.000000,241000.000000,242500.000000,223869.171875,373137
2016-02-03,240500.000000,242000.000000,235000.000000,240000.000000,221561.250000,280489
2016-02-04,243000.000000,249500.000000,242000.000000,248000.000000,228946.640625,217132
2016-02-05,247000.000000,249500.000000,241500.000000,246000.000000,227100.281250,126273
2016-02-11,240000.000000,244000.000000,239500.000000,240500.000000,222022.828125,156429
2016-02-12,237500.000000,253000.000000,237000.000000,252000.000000,232639.312500,277747
2016-02-15,257000.000000,257500.000000,243500.000000,248000.000000,228946.640625,194445
2016-02-16,248000.000000,253000.000000,243500.000000,250500.000000,231254.546875,85836
2016-02-17,248500.000000,262000.000000,248500.000000,262000.000000,241871.046875,239460
2016-02-18,262000.000000,263500.000000,257500.000000,259500.000000,239563.109375,175076
2016-02-19,259000.000000,263000.000000,257000.000000,259000.000000,239101.531250,148120
2016-02-22,260000.000000,262000.000000,256000.000000,259000.000000,239101.531250,93215
2016-02-23,259000.000000,260000.000000,255000.000000,258500.000000,238639.921875,93172
2016-02-24,259500.000000,266500.000000,258000.000000,266500.000000,246025.312500,166684
2016-02-25,266500.000000,266500.000000,257000.000000,260000.000000,240024.687500,152519
2016-02-26,258500.000000,260000.000000,256500.000000,257000.000000,237255.156250,155645
2016-02-29,254000.000000,258500.000000,248000.000000,249000.000000,229869.812500,257754
2016-03-02,256000.000000,256500.000000,249500.000000,251000.000000,231716.140625,168505
2016-03-03,253500.000000,255500.000000,250000.000000,254000.000000,234485.656250,175973
2016-03-04,254500.000000,255000.000000,251000.000000,251500.000000,232177.718750,140176
2016-03-07,252000.000000,255500.000000,249000.000000,254000.000000,234485.656250,144983
2016-03-08,254500.000000,258500.000000,249500.000000,250000.000000,230792.968750,141364
2016-03-09,249000.000000,255000.000000,249000.000000,252500.000000,233100.890625,122942
2016-03-10,251000.000000,256000.000000,249000.000000,253500.000000,234024.046875,189093
2016-03-11,254000.000000,257000.000000,251500.000000,253000.000000,233562.468750,157606
2016-03-14,254000.000000,254500.000000,247000.000000,249000.000000,229869.812500,137523
2016-03-15,250000.000000,250500.000000,244500.000000,247500.000000,228485.031250,183190
2016-03-16,247500.000000,251500.000000,245500.000000,247500.000000,228485.031250,102439
2016-03-17,249000.000000,251500.000000,245500.000000,247500.000000,228485.031250,152747
2016-03-18,247500.000000,249000.000000,245500.000000,248000.000000,228946.640625,199869
2016-03-21,249500.000000,253000.000000,247500.000000,251500.000000,232177.718750,156469
2016-03-22,252500.000000,260500.000000,250000.000000,260000.000000,240024.687500,247964
2016-03-23,258000.000000,259500.000000,252500.000000,255500.000000,235870.406250,194278
2016-03-24,253000.000000,254500.000000,250000.000000,250500.000000,231254.546875,128922
2016-03-25,250000.000000,252000.000000,248000.000000,249500.000000,230331.390625,45471
2016-03-28,249000.000000,250500.000000,246000.000000,248500.000000,229408.203125,85065
2016-03-29,246500.000000,250000.000000,246000.000000,250000.000000,230792.968750,115183
2016-03-30,250500.000000,251000.000000,247500.000000,250000.000000,230792.968750,117518
2016-03-31,251500.000000,253500.000000,246000.000000,249000.000000,229869.812500,184692
2016-04-01,252000.000000,252000.000000,238000.000000,239000.000000,220638.078125,302469
2016-04-04,239000.000000,239500.000000,229500.000000,231500.000000,213714.296875,257384
2016-04-05,232500.000000,235000.000000,230500.000000,231000.000000,213252.703125,145708
2016-04-06,231000.000000,235000.000000,230500.000000,234000.000000,216022.218750,124784
2016-04-07,236500.000000,236500.000000,232500.000000,236000.000000,217868.562500,126127
2016-04-08,234000.000000,238500.000000,231000.000000,236000.000000,217868.562500,172789
2016-04-11,236000.000000,236500.000000,232000.000000,236000.000000,217868.562500,69756
2016-04-12,236000.000000,238000.000000,233500.000000,236000.000000,217868.562500,104788
2016-04-14,236000.000000,241000.000000,236000.000000,240000.000000,221561.250000,260223
2016-04-15,240000.000000,242000.000000,239000.000000,241000.000000,222484.421875,177263
2016-04-18,236500.000000,244000.000000,236500.000000,242500.000000,223869.171875,173303
2016-04-19,242000.000000,250000.000000,241500.000000,246500.000000,227561.859375,245165
2016-04-20,247500.000000,251000.000000,246500.000000,247500.000000,228485.031250,218547
2016-04-21,246500.000000,251500.000000,246000.000000,250000.000000,230792.968750,159671
2016-04-22,251500.000000,252500.000000,248500.000000,251000.000000,231716.140625,114673
2016-04-25,247500.000000,251500.000000,247000.000000,250000.000000,230792.968750,75116
2016-04-26,247000.000000,258000.000000,247000.000000,256000.000000,236332.000000,128765
2016-04-27,256000.000000,258000.000000,251500.000000,252500.000000,233100.890625,191461
2016-04-28,256000.000000,262500.000000,255500.000000,260000.000000,240024.687500,281469
2016-04-29,261000.000000,264000.000000,256500.000000,260500.000000,240486.281250,166606
2016-05-02,263500.000000,263500.000000,258500.000000,260500.000000,240486.281250,52859
2016-05-03,260000.000000,263000.000000,258500.000000,260000.000000,240024.687500,101773
2016-05-04,260000.000000,260500.000000,253500.000000,259500.000000,239563.109375,210486
2016-05-09,253500.000000,257500.000000,253500.000000,254500.000000,234947.234375,119085
2016-05-10,254500.000000,261500.000000,254500.000000,260500.000000,240486.281250,120882
2016-05-11,259000.000000,262000.000000,257000.000000,262000.000000,241871.046875,84661
2016-05-12,263000.000000,263000.000000,254500.000000,258500.000000,238639.921875,129752
2016-05-13,258500.000000,258500.000000,254500.000000,258500.000000,238639.921875,81113
2016-05-16,255500.000000,256000.000000,251000.000000,253500.000000,234024.046875,146007
2016-05-17,252000.000000,256000.000000,250500.000000,256000.000000,236332.000000,101444
2016-05-18,253000.000000,253000.000000,246500.000000,248000.000000,228946.640625,174638
2016-05-19,243500.000000,247000.000000,240500.000000,242500.000000,223869.171875,253884
2016-05-20,242500.000000,245000.000000,241000.000000,243500.000000,224792.343750,132366
2016-05-23,243000.000000,246000.000000,238500.000000,245000.000000,226177.109375,106650
2016-05-24,244000.000000,244500.000000,240000.000000,240500.000000,222022.828125,121160
2016-05-25,241000.000000,249500.000000,241000.000000,244500.000000,225715.515625,137076
2016-05-26,245500.000000,257000.000000,245500.000000,253500.000000,234024.046875,211656
2016-05-27,256500.000000,257000.000000,253000.000000,255500.000000,235870.406250,135504
2016-05-30,252000.000000,257000.000000,251500.000000,254500.000000,234947.234375,97077
2016-05-31,252000.000000,260000.000000,251500.000000,255000.000000,235408.828125,303578
2016-06-01,251500.000000,258000.000000,251500.000000,255000.000000,235408.828125,154324
2016-06-02,253500.000000,257500.000000,252000.000000,255000.000000,235408.828125,92355
2016-06-03,253000.000000,256000.000000,252500.000000,255000.000000,235408.828125,93004
2016-06-07,252000.000000,254000.000000,249000.000000,252000.000000,232639.312500,148101
2016-06-08,251500.000000,257500.000000,251000.000000,256500.000000,236793.578125,145056
2016-06-09,256500.000000,257500.000000,249500.000000,255000.000000,235408.828125,223883
2016-06-10,255000.000000,258000.000000,250500.000000,256500.000000,236793.578125,162845
2016-06-13,253500.000000,256500.000000,252500.000000,254000.000000,234485.656250,70547
2016-06-14,255000.000000,257000.000000,249500.000000,253000.000000,233562.468750,97312
2016-06-15,253500.000000,266000.000000,253000.000000,265500.000000,245102.140625,282936
2016-06-16,264000.000000,265000.000000,258500.000000,263000.000000,242794.203125,173635
2016-06-17,264000.000000,264500.000000,257000.000000,258500.000000,238639.921875,129717
2016-06-20,265000.000000,270000.000000,260500.000000,266000.000000,245563.718750,217845
2016-06-21,265000.000000,272000.000000,264000.000000,267000.000000,246486.890625,150982
2016-06-22,268000.000000,269500.000000,261000.000000,264000.000000,243717.390625,178903
2016-06-23,263000.000000,267000.000000,262500.000000,264500.000000,244178.953125,123729
2016-06-24,265000.000000,268000.000000,246000.000000,258500.000000,238639.921875,248979
2016-06-27,264000.000000,265500.000000,254000.000000,262500.000000,242332.625000,148046
2016-06-28,258000.000000,264500.000000,258000.000000,261500.000000,241409.437500,118743
2016-06-29,260000.000000,261000.000000,256000.000000,258500.000000,238639.921875,109242
2016-06-30,258000.000000,260000.000000,249000.000000,252000.000000,232639.312500,314770
2016-07-01,253000.000000,260500.000000,251000.000000,258500.000000,238639.921875,219529
2016-07-04,257000.000000,260500.000000,253500.000000,259500.000000,239563.109375,154259
2016-07-05,257500.000000,259000.000000,254000.000000,255000.000000,235408.828125,96112
2016-07-06,255000.000000,255000.000000,246000.000000,247500.000000,228485.031250,185484
2016-07-07,248500.000000,254000.000000,248000.000000,252500.000000,233100.890625,106236
2016-07-08,252500.000000,254000.000000,247500.000000,249500.000000,230331.390625,119802
2016-07-11,251500.000000,257000.000000,251000.000000,256500.000000,236793.578125,120511
2016-07-12,258000.000000,264000.000000,257000.000000,262000.000000,241871.046875,189122
2016-07-13,265000.000000,267500.000000,258500.000000,261000.000000,240947.875000,144119
2016-07-14,263500.000000,266000.000000,261500.000000,265000.000000,244640.546875,163342
2016-07-15,263500.000000,266000.000000,261000.000000,265500.000000,245102.140625,110468
2016-07-18,264000.000000,264000.000000,256000.000000,259500.000000,239563.109375,136630
2016-07-19,258500.000000,260500.000000,254000.000000,260500.000000,240486.281250,114174
2016-07-20,258500.000000,261500.000000,256000.000000,261500.000000,241409.437500,70752
2016-07-21,262500.000000,263000.000000,256500.000000,259000.000000,239101.531250,77231
2016-07-22,261500.000000,263500.000000,259500.000000,263000.000000,242794.203125,97916
2016-07-25,265000.000000,266000.000000,259000.000000,266000.000000,245563.718750,126032
2016-07-26,267000.000000,267000.000000,261000.000000,263500.000000,243255.796875,94665
2016-07-27,264500.000000,266500.000000,263500.000000,266000.000000,245563.718750,70649
2016-07-28,265000.000000,268500.000000,261500.000000,268500.000000,247871.640625,153679
2016-07-29,265000.000000,266500.000000,255000.000000,255000.000000,235408.828125,249259
2016-08-01,256000.000000,264500.000000,256000.000000,262000.000000,241871.046875,186080
2016-08-02,260500.000000,263500.000000,255500.000000,258000.000000,238178.343750,138671
2016-08-03,255000.000000,257000.000000,250500.000000,251500.000000,232177.718750,147844
2016-08-04,253000.000000,257000.000000,250500.000000,250500.000000,231254.546875,120124
2016-08-05,253000.000000,257500.000000,251500.000000,255500.000000,235870.406250,132703
2016-08-08,254000.000000,257500.000000,253000.000000,256500.000000,236793.578125,92275
2016-08-09,257000.000000,261500.000000,255500.000000,260000.000000,240024.687500,129947
2016-08-10,259000.000000,264000.000000,258000.000000,258000.000000,238178.343750,142859
2016-08-11,258000.000000,260500.000000,257500.000000,260000.000000,240024.687500,105397
2016-08-12,261000.000000,262000.000000,258500.000000,260000.000000,240024.687500,105763
2016-08-16,262000.000000,262500.000000,257000.000000,258000.000000,238178.343750,153811
2016-08-17,257500.000000,260000.000000,257000.000000,258500.000000,238639.921875,73826
2016-08-18,258500.000000,260500.000000,253000.000000,254000.000000,234485.656250,105806
2016-08-19,254000.000000,259000.000000,252000.000000,258000.000000,238178.343750,111930
2016-08-22,255500.000000,257500.000000,253000.000000,257500.000000,237716.750000,81223
2016-08-23,255000.000000,255000.000000,252000.000000,252000.000000,232639.312500,132225
2016-08-24,248500.000000,253000.000000,242500.000000,250000.000000,230792.968750,227910
2016-08-25,252000.000000,257500.000000,250000.000000,253500.000000,234024.046875,265531
2016-08-26,254500.000000,260000.000000,254000.000000,258500.000000,238639.921875,184285
2016-08-29,255000.000000,260000.000000,255000.000000,259000.000000,239101.531250,105183
2016-08-30,259000.000000,260500.000000,257500.000000,260000.000000,240024.687500,63108
2016-08-31,256500.000000,261000.000000,256000.000000,260500.000000,240486.281250,188763
2016-09-01,258000.000000,267500.000000,257000.000000,266500.000000,246025.312500,157333
2016-09-02,265000.000000,267000.000000,259000.000000,263500.000000,243255.796875,151828
2016-09-05,267000.000000,281000.000000,265500.000000,274000.000000,252949.078125,255127
2016-09-06,273000.000000,289000.000000,272000.000000,287000.000000,264950.343750,297211
2016-09-07,284000.000000,284500.000000,278500.000000,280500.000000,258949.718750,219523
2016-09-08,280500.000000,284500.000000,279000.000000,283000.000000,261257.640625,257141
2016-09-09,279000.000000,280500.000000,273500.000000,279500.000000,258026.531250,185622
2016-09-12,279500.000000,285500.000000,275500.000000,279500.000000,258026.531250,196180
2016-09-13,283000.000000,284500.000000,276000.000000,280000.000000,258488.125000,215114
2016-09-19,280500.000000,291000.000000,277500.000000,287000.000000,264950.343750,251227
2016-09-20,283000.000000,289000.000000,278000.000000,286500.000000,264488.750000,275935
2016-09-21,283500.000000,286500.000000,280500.000000,281500.000000,259872.859375,146490
2016-09-22,283500.000000,293500.000000,283500.000000,286000.000000,264027.187500,202410
2016-09-23,285000.000000,290500.000000,285000.000000,288000.000000,265873.531250,146640
2016-09-26,288000.000000,288000.000000,281000.000000,284000.000000,262180.843750,126334
2016-09-27,285000.000000,290500.000000,282000.000000,288000.000000,265873.531250,128186
2016-09-28,288000.000000,290000.000000,284000.000000,284000.000000,262180.843750,119807
2016-09-29,284500.000000,286500.000000,280000.000000,282000.000000,260334.484375,127961
2016-09-30,278000.000000,281500.000000,273500.000000,275000.000000,253872.250000,219789
2016-10-04,280500.000000,283000.000000,278000.000000,280000.000000,258488.125000,178068
2016-10-05,276000.000000,280000.000000,274500.000000,276500.000000,255257.031250,132036
2016-10-06,274500.000000,276500.000000,270500.000000,272500.000000,251564.343750,156142
2016-10-07,270500.000000,278500.000000,268500.000000,278000.000000,256641.796875,218941
2016-10-10,279000.000000,284000.000000,273000.000000,279000.000000,257564.953125,159792
2016-10-11,284000.000000,284000.000000,270000.000000,274500.000000,253410.671875,219521
2016-10-12,276000.000000,276000.000000,272000.000000,273500.000000,252487.515625,152021
2016-10-13,272500.000000,274500.000000,269500.000000,270500.000000,249717.984375,137629
2016-10-14,270000.000000,271500.000000,265500.000000,266500.000000,246025.312500,148236
2016-10-17,267500.000000,269000.000000,264000.000000,265500.000000,245102.140625,126014
2016-10-18,267500.000000,267500.000000,263000.000000,263500.000000,243255.796875,195082
2016-10-19,263500.000000,265500.000000,258000.000000,258500.000000,238639.921875,211502
2016-10-20,259500.000000,262500.000000,257000.000000,260000.000000,240024.687500,178385
2016-10-21,259500.000000,262500.000000,259500.000000,260500.000000,240486.281250,130847
2016-10-24,262000.000000,263500.000000,260500.000000,261500.000000,241409.437500,180534
2016-10-25,261500.000000,269000.000000,261500.000000,267000.000000,246486.890625,390390
2016-10-26,265500.000000,265500.000000,257500.000000,259500.000000,239563.109375,192923
2016-10-27,260500.000000,262000.000000,254500.000000,259000.000000,239101.531250,179813
2016-10-28,256000.000000,269000.000000,256000.000000,264500.000000,244178.953125,375998
2016-10-31,264000.000000,277000.000000,263000.000000,274000.000000,252949.078125,494509
2016-11-01,273000.000000,273500.000000,269000.000000,270000.000000,249256.406250,292111
2016-11-02,269000.000000,271500.000000,265500.000000,269000.000000,248333.234375,135666
2016-11-03,270000.000000,271500.000000,265000.000000,267000.000000,246486.890625,180117
2016-11-04,267000.000000,268000.000000,264000.000000,265000.000000,244640.546875,116780
2016-11-07,268500.000000,270500.000000,265500.000000,265500.000000,245102.140625,131748
2016-11-08,267000.000000,269500.000000,264000.000000,268000.000000,247410.078125,100347
2016-11-09,268500.000000,271000.000000,259000.000000,263500.000000,243255.796875,222903
2016-11-10,264000.000000,264500.000000,244500.000000,248000.000000,228946.640625,547023
2016-11-11,249500.000000,251500.000000,244500.000000,245000.000000,226177.109375,360853
2016-11-14,246500.000000,249500.000000,242000.000000,243000.000000,224330.765625,219759
2016-11-15,241500.000000,244500.000000,237500.000000,242500.000000,223869.171875,219492
2016-11-16,244000.000000,247000.000000,242000.000000,242500.000000,223869.171875,209789
2016-11-17,241500.000000,242500.000000,239500.000000,241500.000000,222946.000000,186740
2016-11-18,240500.000000,243500.000000,238500.000000,239500.000000,221099.656250,147146
2016-11-21,239500.000000,246000.000000,239500.000000,243500.000000,224792.343750,174008
2016-11-22,244000.000000,245000.000000,239500.000000,242000.000000,223407.593750,144570
2016-11-23,241000.000000,250500.000000,240500.000000,248000.000000,228946.640625,244578
2016-11-24,250000.000000,254000.000000,247000.000000,250000.000000,230792.968750,161960
2016-11-25,253000.000000,254500.000000,251000.000000,251500.000000,232177.718750,106043
2016-11-28,251500.000000,253500.000000,249500.000000,251500.000000,232177.718750,111123
2016-11-29,251500.000000,253000.000000,247000.000000,247000.000000,228023.437500,126312
2016-11-30,248000.000000,251000.000000,245000.000000,249000.000000,229869.812500,176792
2016-12-01,251000.000000,256000.000000,249500.000000,254000.000000,234485.656250,170745
2016-12-02,253000.000000,257000.000000,248000.000000,251000.000000,231716.140625,100460
2016-12-05,248500.000000,253000.000000,246500.000000,250500.000000,231254.546875,82502
2016-12-06,253500.000000,255500.000000,249000.000000,255000.000000,235408.828125,148953
2016-12-07,253500.000000,256000.000000,250500.000000,250500.000000,231254.546875,122216
2016-12-08,254000.000000,260500.000000,252000.000000,260500.000000,240486.281250,232958
2016-12-09,262000.000000,264000.000000,258500.000000,259000.000000,239101.531250,168881
2016-12-12,263500.000000,264000.000000,259500.000000,261500.000000,241409.437500,95088
2016-12-13,264000.000000,264500.000000,260000.000000,262000.000000,241871.046875,85908
2016-12-14,262500.000000,266000.000000,262000.000000,264500.000000,244178.953125,102725
2016-12-15,262000.000000,265500.000000,260000.000000,263500.000000,243255.796875,107251
2016-12-16,261500.000000,263000.000000,255000.000000,258000.000000,238178.343750,186397
2016-12-19,257000.000000,261500.000000,256500.000000,257500.000000,237716.750000,88795
2016-12-20,257000.000000,261000.000000,257000.000000,259000.000000,239101.531250,80345
2016-12-21,261500.000000,266000.000000,260500.000000,265000.000000,244640.546875,156799
2016-12-22,263000.000000,270500.000000,262000.000000,267000.000000,246486.890625,182733
2016-12-23,269000.000000,269500.000000,265500.000000,266500.000000,246025.312500,101992
2016-12-26,266500.000000,270000.000000,264000.000000,264000.000000,243717.390625,71134
2016-12-27,264000.000000,267500.000000,264000.000000,267500.000000,246948.468750,77194
2016-12-28,261500.000000,264000.000000,258500.000000,259000.000000,242271.421875,195921
2016-12-29,258000.000000,264000.000000,258000.000000,264000.000000,246948.468750,148242
2017-01-02,264000.000000,274000.000000,261500.000000,271500.000000,253964.031250,123659
2017-01-03,271500.000000,277000.000000,269500.000000,275500.000000,257705.718750,152387
2017-01-04,273500.000000,280500.000000,273000.000000,276000.000000,258173.375000,206423
2017-01-05,272500.000000,281000.000000,272500.000000,280500.000000,262382.718750,121425
2017-01-06,277000.000000,279000.000000,272000.000000,272500.000000,254899.468750,101234
2017-01-09,272500.000000,277000.000000,272000.000000,275000.000000,257237.984375,121475
2017-01-10,271500.000000,277000.000000,270500.000000,276500.000000,258641.125000,95607
2017-01-11,273500.000000,278000.000000,271500.000000,274500.000000,256770.281250,128816
2017-01-12,275000.000000,280500.000000,274000.000000,279000.000000,260979.640625,118084
2017-01-13,278500.000000,282500.000000,275500.000000,279500.000000,261447.359375,108452
2017-01-16,279500.000000,282000.000000,274000.000000,279500.000000,261447.359375,118380
2017-01-17,281000.000000,282500.000000,278500.000000,280000.000000,261915.062500,101769
2017-01-18,279500.000000,283500.000000,277000.000000,282500.000000,264253.562500,95988
2017-01-19,280000.000000,282000.000000,274000.000000,277000.000000,259108.828125,120716
2017-01-20,277500.000000,280500.000000,275000.000000,278500.000000,260511.937500,83237
2017-01-23,276000.000000,282000.000000,271500.000000,272500.000000,254899.468750,131043
2017-01-24,271500.000000,273000.000000,267500.000000,272000.000000,254431.781250,137112
2017-01-25,272000.000000,272000.000000,263000.000000,265000.000000,247883.890625,231571
2017-01-26,263000.000000,267500.000000,262000.000000,266000.000000,248819.296875,198930
2017-01-31,253500.000000,257000.000000,242000.000000,242000.000000,226369.437500,815329
2017-02-01,244000.000000,247500.000000,243000.000000,245000.000000,229175.671875,350179
2017-02-02,244500.000000,246500.000000,240000.000000,241000.000000,225434.031250,282151
2017-02-03,241500.000000,246500.000000,241500.000000,242500.000000,226837.125000,140761
2017-02-06,246000.000000,246500.000000,239500.000000,241000.000000,225434.031250,126575
2017-02-07,242000.000000,244500.000000,241500.000000,243500.000000,227772.546875,112660
2017-02-08,242500.000000,243500.000000,239000.000000,242000.000000,226369.437500,250943
2017-02-09,242500.000000,243000.000000,239500.000000,239500.000000,224030.906250,173981
2017-02-10,241000.000000,244500.000000,240000.000000,241000.000000,225434.031250,156892
2017-02-13,244500.000000,245000.000000,242000.000000,243000.000000,227304.843750,147600
2017-02-14,244500.000000,248000.000000,243000.000000,248000.000000,231981.906250,194602
2017-02-15,249000.000000,255000.000000,247000.000000,251000.000000,234788.125000,295158
2017-02-16,253000.000000,255000.000000,251000.000000,254500.000000,238062.062500,280064
2017-02-17,253000.000000,260000.000000,251000.000000,259500.000000,242739.125000,230870
2017-02-20,258000.000000,261000.000000,255500.000000,261000.000000,244142.250000,149207
2017-02-21,262000.000000,262500.000000,258000.000000,260000.000000,243206.828125,139249
2017-02-22,259500.000000,261000.000000,257500.000000,259500.000000,242739.125000,185255
2017-02-23,259000.000000,261500.000000,254500.000000,258000.000000,241336.031250,333293
2017-02-24,256000.000000,260500.000000,255500.000000,259500.000000,242739.125000,156173
2017-02-27,260000.000000,261500.000000,257500.000000,259000.000000,242271.421875,101199
2017-02-28,257000.000000,259000.000000,253000.000000,255000.000000,238529.781250,196024
2017-03-02,258000.000000,258000.000000,247000.000000,250500.000000,234320.421875,354606
2017-03-03,248500.000000,250000.000000,240500.000000,241500.000000,225901.718750,313990
2017-03-06,241000.000000,241500.000000,235500.000000,241500.000000,225901.718750,200294
2017-03-07,241000.000000,244000.000000,238500.000000,244000.000000,228240.250000,144187
2017-03-08,242500.000000,244000.000000,239500.000000,240500.000000,224966.328125,160321
2017-03-09,239000.000000,243500.000000,239000.000000,243500.000000,227772.546875,255939
2017-03-10,243500.000000,245500.000000,242000.000000,244000.000000,228240.250000,156922
2017-03-13,245500.000000,245500.000000,241500.000000,242500.000000,226837.125000,130509
2017-03-14,243000.000000,247000.000000,242500.000000,246000.000000,230111.078125,227676
2017-03-15,245000.000000,245500.000000,241500.000000,242500.000000,226837.125000,177903
2017-03-16,245000.000000,245500.000000,240500.000000,242500.000000,226837.125000,169864
2017-03-17,243500.000000,244000.000000,240500.000000,242500.000000,226837.125000,177460
2017-03-20,242000.000000,246000.000000,241000.000000,246000.000000,230111.078125,132564
2017-03-21,243000.000000,258000.000000,243000.000000,253500.000000,237126.671875,520792
2017-03-22,255500.000000,258000.000000,251000.000000,255500.000000,238997.468750,304619
2017-03-23,256000.000000,256500.000000,251000.000000,253000.000000,236658.968750,264231
2017-03-24,251500.000000,254000.000000,244500.000000,247500.000000,231514.187500,287374
2017-03-27,245000.000000,245500.000000,241000.000000,243000.000000,227304.843750,279851
2017-03-28,243500.000000,244000.000000,241500.000000,243000.000000,227304.843750,184710
2017-03-29,243000.000000,243000.000000,235000.000000,236000.000000,220756.984375,412879
2017-03-30,234500.000000,238000.000000,234000.000000,235000.000000,219821.562500,176530
2017-03-31,237000.000000,240500.000000,236500.000000,240500.000000,224966.328125,267786
2017-04-03,242000.000000,242500.000000,237000.000000,239500.000000,224030.906250,209863
2017-04-04,237500.000000,238000.000000,233500.000000,235500.000000,220289.265625,266221
2017-04-05,235000.000000,235500.000000,227500.000000,229000.000000,214209.093750,354556
2017-04-06,228500.000000,229000.000000,223500.000000,224000.000000,209532.046875,311965
2017-04-07,225500.000000,228000.000000,223000.000000,224000.000000,209532.046875,213034
2017-04-10,224000.000000,225000.000000,221000.000000,222000.000000,207661.218750,144923
2017-04-11,222500.000000,223500.000000,216500.000000,218500.000000,204387.281250,291325
2017-04-12,220000.000000,222000.000000,219500.000000,222000.000000,207661.218750,162484
2017-04-13,224500.000000,225000.000000,220000.000000,222000.000000,207661.218750,294135
2017-04-14,222500.000000,224500.000000,222500.000000,223000.000000,208596.640625,79554
2017-04-17,222000.000000,223000.000000,219500.000000,220500.000000,206258.093750,152776
2017-04-18,221000.000000,222000.000000,217500.000000,219000.000000,204854.984375,182943
2017-04-19,217500.000000,218500.000000,212000.000000,215000.000000,201113.343750,360852
2017-04-20,215000.000000,221500.000000,215000.000000,220500.000000,206258.093750,237352
2017-04-21,222000.000000,224000.000000,220500.000000,221500.000000,207193.515625,165494
2017-04-24,222500.000000,225500.000000,220500.000000,225500.000000,210935.140625,168869
2017-04-25,224000.000000,231000.000000,224000.000000,229000.000000,214209.093750,372842
2017-04-26,229500.000000,232500.000000,227000.000000,230000.000000,215144.515625,300496
2017-04-27,228500.000000,229000.000000,223500.000000,227000.000000,212338.265625,265058
2017-04-28,222500.000000,225000.000000,221500.000000,222000.000000,207661.218750,173887
2017-05-02,222000.000000,230500.000000,222000.000000,230000.000000,215144.515625,297272
2017-05-04,226000.000000,230500.000000,226000.000000,228500.000000,213741.390625,168857
2017-05-08,233000.000000,247500.000000,231000.000000,246500.000000,230578.765625,793349
2017-05-10,247000.000000,250000.000000,243500.000000,245500.000000,229643.375000,497549
2017-05-11,248000.000000,250000.000000,245000.000000,250000.000000,233852.734375,319229
2017-05-12,249500.000000,250000.000000,246000.000000,247000.000000,231046.484375,183203
2017-05-15,245500.000000,248500.000000,244500.000000,247000.000000,231046.484375,157798
2017-05-16,249000.000000,250000.000000,247000.000000,249500.000000,233385.015625,281177
2017-05-17,248000.000000,252500.000000,246000.000000,252500.000000,236191.250000,236426
2017-05-18,252500.000000,262000.000000,252000.000000,260000.000000,243206.828125,546969
2017-05-19,262000.000000,274000.000000,256000.000000,273000.000000,255367.156250,591545
2017-05-22,277000.000000,277500.000000,270500.000000,274500.000000,256770.281250,368121
2017-05-23,272000.000000,283500.000000,271000.000000,280000.000000,261915.062500,410193
2017-05-24,274500.000000,278000.000000,274500.000000,278000.000000,260044.218750,445449
2017-05-25,278000.000000,283000.000000,276500.000000,283000.000000,264721.281250,245235
2017-05-26,289500.000000,289500.000000,280000.000000,281500.000000,263318.187500,309017
2017-05-29,280000.000000,284000.000000,277500.000000,281000.000000,262850.468750,215958
2017-05-30,279000.000000,283000.000000,278000.000000,281000.000000,262850.468750,132024
2017-05-31,277000.000000,277500.000000,272000.000000,274500.000000,256770.281250,377263
2017-06-01,273000.000000,278500.000000,273000.000000,273000.000000,255367.156250,183593
2017-06-02,272000.000000,274000.000000,267500.000000,270500.000000,253028.640625,239051
2017-06-05,273000.000000,278500.000000,272000.000000,275500.000000,257705.718750,159102
2017-06-07,268000.000000,270000.000000,264000.000000,265000.000000,247883.890625,425508
2017-06-08,264500.000000,266000.000000,261000.000000,264500.000000,247416.171875,355287
2017-06-09,264500.000000,266000.000000,263000.000000,264500.000000,247416.171875,242192
2017-06-12,261000.000000,265000.000000,261000.000000,263000.000000,246013.078125,184353
2017-06-13,263000.000000,265500.000000,261000.000000,263500.000000,246480.765625,174411
2017-06-14,263000.000000,266500.000000,262500.000000,266000.000000,248819.296875,243175
2017-06-15,266500.000000,267000.000000,261000.000000,264500.000000,247416.171875,155617
2017-06-16,264000.000000,264500.000000,261500.000000,263000.000000,246013.078125,158324
2017-06-19,261500.000000,261500.000000,256000.000000,261000.000000,244142.250000,146033
2017-06-20,258000.000000,261500.000000,256000.000000,257000.000000,240400.609375,170066
2017-06-21,254000.000000,255500.000000,251500.000000,254500.000000,238062.062500,242511
2017-06-22,254000.000000,259500.000000,253500.000000,258000.000000,241336.031250,165701
2017-06-23,256500.000000,258000.000000,255000.000000,257000.000000,240400.609375,138106
2017-06-26,256000.000000,256500.000000,253000.000000,255500.000000,238997.468750,99697
2017-06-27,254000.000000,256000.000000,253000.000000,253500.000000,237126.671875,133877
2017-06-28,255000.000000,256500.000000,252500.000000,254500.000000,238062.062500,116545
2017-06-29,254000.000000,256000.000000,252500.000000,255000.000000,238529.781250,133853
2017-06-30,254500.000000,254500.000000,247000.000000,250000.000000,233852.734375,297938
2017-07-03,251000.000000,258500.000000,250500.000000,258500.000000,241803.703125,146246
2017-07-04,256000.000000,258000.000000,250000.000000,250500.000000,234320.421875,127626
2017-07-05,248500.000000,250500.000000,246500.000000,248000.000000,231981.906250,315301
2017-07-06,248500.000000,249500.000000,247000.000000,248500.000000,232449.593750,142638
2017-07-07,247500.000000,248000.000000,243000.000000,245500.000000,229643.375000,220580
2017-07-10,243000.000000,246000.000000,240500.000000,243000.000000,227304.843750,216055
2017-07-11,242000.000000,245000.000000,242000.000000,243500.000000,227772.546875,121879
2017-07-12,244000.000000,248500.000000,243000.000000,244500.000000,228707.968750,188971
2017-07-13,245000.000000,249500.000000,242000.000000,245000.000000,229175.671875,177017
2017-07-14,248000.000000,252500.000000,244500.000000,250500.000000,234320.421875,112849
2017-07-17,251500.000000,251500.000000,247500.000000,249500.000000,233385.015625,101201
2017-07-18,249000.000000,250000.000000,246500.000000,249000.000000,232917.328125,97274
2017-07-19,251500.000000,253500.000000,246500.000000,247500.000000,231514.187500,174343
2017-07-20,248000.000000,248500.000000,244500.000000,246000.000000,230111.078125,137262
2017-07-21,245000.000000,248000.000000,242500.000000,243500.000000,227772.546875,191267
2017-07-24,244500.000000,244500.000000,242500.000000,244000.000000,228240.250000,117465
2017-07-25,244000.000000,247500.000000,243500.000000,245500.000000,229643.375000,144558
2017-07-26,247500.000000,251500.000000,246000.000000,248000.000000,231981.906250,213688
2017-07-27,248000.000000,249000.000000,244000.000000,247000.000000,231046.484375,158118
2017-07-28,245500.000000,257000.000000,245500.000000,255500.000000,238997.468750,283619
2017-07-31,252500.000000,255000.000000,245000.000000,246000.000000,230111.078125,247468
2017-08-01,245000.000000,248000.000000,244500.000000,245500.000000,229643.375000,131614
2017-08-02,246500.000000,249500.000000,246000.000000,247000.000000,231046.484375,152031
2017-08-03,246000.000000,251500.000000,244500.000000,250500.000000,234320.421875,188549
2017-08-04,247000.000000,256500.000000,247000.000000,255000.000000,238529.781250,160624
2017-08-07,253000.000000,256000.000000,253000.000000,253500.000000,237126.671875,95146
2017-08-08,253500.000000,253500.000000,248500.000000,250000.000000,233852.734375,156530
2017-08-09,247500.000000,255000.000000,247500.000000,253000.000000,236658.968750,120145
2017-08-10,251000.000000,259000.000000,251000.000000,257500.000000,240868.312500,228752
2017-08-11,255000.000000,257500.000000,252500.000000,255000.000000,238529.781250,136557
2017-08-14,255000.000000,257000.000000,251500.000000,252500.000000,236191.250000,92648
2017-08-16,250000.000000,250000.000000,245500.000000,247000.000000,231046.484375,215121
2017-08-17,245000.000000,247000.000000,238000.000000,245000.000000,229175.671875,220480
2017-08-18,243000.000000,247000.000000,243000.000000,246000.000000,230111.078125,67219
2017-08-21,246000.000000,253500.000000,245500.000000,252500.000000,236191.250000,104269
2017-08-22,249500.000000,253000.000000,247000.000000,251000.000000,234788.125000,101963
2017-08-23,249000.000000,253000.000000,248000.000000,250500.000000,234320.421875,70446
2017-08-24,249000.000000,255500.000000,249000.000000,252000.000000,235723.546875,90116
2017-08-25,253000.000000,255500.000000,250000.000000,252500.000000,236191.250000,74021
2017-08-28,253000.000000,254000.000000,249500.000000,251000.000000,234788.125000,72308
2017-08-29,249000.000000,251000.000000,243000.000000,245000.000000,229175.671875,173692
2017-08-30,243500.000000,246500.000000,240000.000000,244500.000000,228707.968750,172741
2017-08-31,242500.000000,245000.000000,236000.000000,236000.000000,220756.984375,206547
2017-09-01,236000.000000,247000.000000,236000.000000,241000.000000,225434.031250,223020
2017-09-04,241000.000000,241000.000000,241000.000000,241000.000000,225434.031250,0
2017-09-05,240000.000000,242500.000000,237500.000000,238500.000000,223095.484375,122999
2017-09-06,237000.000000,238500.000000,233000.000000,235000.000000,219821.562500,204805
2017-09-07,235000.000000,238000.000000,234500.000000,236000.000000,220756.984375,162425
2017-09-08,233500.000000,235000.000000,220500.000000,225000.000000,210467.453125,522430
2017-09-11,220500.000000,224000.000000,215000.000000,217000.000000,202984.171875,420323
2017-09-12,218000.000000,221500.000000,218000.000000,219000.000000,204854.984375,322408
2017-09-13,219000.000000,219500.000000,214500.000000,215000.000000,201113.343750,246787
2017-09-14,214000.000000,216500.000000,212500.000000,213500.000000,199710.218750,380939
2017-09-15,212000.000000,217000.000000,212000.000000,216000.000000,202048.765625,248462
2017-09-18,216000.000000,218000.000000,215000.000000,216500.000000,202516.453125,172797
2017-09-19,215500.000000,220500.000000,215500.000000,217500.000000,203451.875000,236454
2017-09-20,219000.000000,222000.000000,218500.000000,219000.000000,204854.984375,327052
2017-09-21,217500.000000,219000.000000,214500.000000,216000.000000,202048.765625,292128
2017-09-25,221000.000000,222500.000000,218500.000000,220000.000000,205790.390625,196439
2017-09-26,220000.000000,220000.000000,220000.000000,220000.000000,205790.390625,0
2017-09-27,229500.000000,232500.000000,228500.000000,231500.000000,216547.625000,235304
2017-09-28,228500.000000,234000.000000,228000.000000,232500.000000,217483.031250,156941
2017-09-29,235500.000000,240000.000000,233000.000000,240000.000000,224498.640625,293117
2017-10-10,235000.000000,241500.000000,232500.000000,241500.000000,225901.718750,513282
2017-10-11,237500.000000,243500.000000,237000.000000,242000.000000,226369.437500,185367
2017-10-12,239000.000000,241000.000000,237500.000000,238000.000000,222627.796875,196461
2017-10-13,240000.000000,244500.000000,236000.000000,243500.000000,227772.546875,191252
2017-10-16,242500.000000,246000.000000,239500.000000,241000.000000,225434.031250,123053
2017-10-17,240000.000000,240500.000000,234500.000000,236000.000000,220756.984375,150581
2017-10-18,235000.000000,241000.000000,234500.000000,240000.000000,224498.640625,116811
2017-10-19,243000.000000,251000.000000,241000.000000,249000.000000,232917.328125,336056
2017-10-20,247000.000000,249500.000000,245500.000000,248000.000000,231981.906250,90703
2017-10-23,244500.000000,247000.000000,243000.000000,245500.000000,229643.375000,128288
2017-10-24,243500.000000,245500.000000,242500.000000,244000.000000,228240.250000,83928
2017-10-25,243000.000000,244000.000000,238500.000000,239000.000000,223563.218750,145299
2017-10-26,239000.000000,258000.000000,238500.000000,256000.000000,239465.203125,311911
2017-10-27,252500.000000,258000.000000,250000.000000,255500.000000,238997.468750,261155
2017-10-30,255000.000000,255500.000000,246000.000000,254000.000000,237594.359375,246690
2017-10-31,254000.000000,270000.000000,253000.000000,266500.000000,249287.000000,464930
2017-11-01,262500.000000,271000.000000,262500.000000,265000.000000,247883.890625,185874
2017-11-02,262500.000000,270500.000000,262500.000000,266000.000000,248819.296875,196725
2017-11-03,266000.000000,275000.000000,266000.000000,271000.000000,253496.359375,176620
2017-11-06,268000.000000,276500.000000,268000.000000,272500.000000,254899.468750,208592
2017-11-07,268000.000000,271500.000000,262000.000000,266000.000000,248819.296875,282873
2017-11-08,262000.000000,268000.000000,260000.000000,265000.000000,247883.890625,151779
2017-11-09,266000.000000,272000.000000,264000.000000,268500.000000,251157.828125,207345
2017-11-10,266500.000000,273000.000000,265000.000000,268500.000000,251157.828125,117052
2017-11-13,273000.000000,277000.000000,267000.000000,273000.000000,255367.156250,155226
2017-11-14,271500.000000,273000.000000,266500.000000,268000.000000,250690.109375,106575
2017-11-15,265000.000000,273000.000000,264000.000000,266500.000000,249287.000000,132157
2017-11-16,null,null,null,null,null,null
2017-11-17,260000.000000,261000.000000,255000.000000,255500.000000,238997.468750,262451
2017-11-20,252000.000000,258000.000000,250000.000000,255500.000000,238997.468750,223447
2017-11-21,253500.000000,257500.000000,252500.000000,254000.000000,237594.359375,112175
2017-11-22,253500.000000,257500.000000,252500.000000,253000.000000,236658.968750,116254
2017-11-23,null,null,null,null,null,null
2017-11-24,253500.000000,255500.000000,252000.000000,255500.000000,238997.468750,75644
2017-11-27,253500.000000,257500.000000,253000.000000,254000.000000,237594.359375,117179
2017-11-28,257500.000000,269000.000000,255500.000000,260000.000000,243206.828125,247161
2017-11-29,261000.000000,265500.000000,257000.000000,263500.000000,246480.765625,193750
2017-11-30,269500.000000,283000.000000,268500.000000,273500.000000,255834.875000,571152
2017-12-01,271000.000000,277000.000000,267500.000000,269000.000000,251625.531250,191422
2017-12-04,269500.000000,271500.000000,266000.000000,268500.000000,251157.828125,133272
2017-12-05,266000.000000,275000.000000,266000.000000,268500.000000,251157.828125,142313
2017-12-06,269000.000000,274000.000000,263500.000000,263500.000000,246480.765625,171276
2017-12-07,266000.000000,269500.000000,262500.000000,263000.000000,246013.078125,130195
2017-12-08,262500.000000,265000.000000,257500.000000,262000.000000,245077.671875,128962
2017-12-11,263500.000000,265000.000000,253000.000000,257000.000000,240400.609375,218065
2017-12-12,253500.000000,257000.000000,252500.000000,256000.000000,239465.203125,199849
2017-12-13,255500.000000,262000.000000,255500.000000,259500.000000,242739.125000,171317
2017-12-14,260000.000000,263500.000000,257000.000000,257000.000000,240400.609375,334336
2017-12-15,261000.000000,268500.000000,256000.000000,267000.000000,249754.687500,265788
2017-12-18,263500.000000,269500.000000,261500.000000,267000.000000,249754.687500,140586
2017-12-19,266500.000000,268500.000000,261000.000000,268000.000000,250690.109375,156223
2017-12-21,263000.000000,265500.000000,258000.000000,259000.000000,242271.421875,157491
2017-12-22,262500.000000,262500.000000,258000.000000,260000.000000,243206.828125,144166
2017-12-26,260000.000000,262500.000000,258500.000000,261000.000000,244142.250000,150400
2017-12-27,258000.000000,273000.000000,257000.000000,268000.000000,254097.546875,223273
2017-12-28,265500.000000,267500.000000,259000.000000,263000.000000,249356.937500,185069
2018-01-02,null,null,null,null,null,null
2018-01-03,254500.000000,259000.000000,254500.000000,256500.000000,243194.125000,175705
2018-01-04,255000.000000,256500.000000,245500.000000,246500.000000,233712.859375,458789
2018-01-05,243500.000000,248000.000000,243500.000000,246500.000000,233712.859375,214959
2018-01-08,246500.000000,248500.000000,245500.000000,247500.000000,234660.984375,193889
2018-01-09,246000.000000,252000.000000,246000.000000,249500.000000,236557.234375,154294
2018-01-10,250500.000000,257000.000000,250500.000000,255000.000000,241771.937500,211615
2018-01-11,255000.000000,255000.000000,249500.000000,251000.000000,237979.421875,174609
2018-01-12,251500.000000,254000.000000,246500.000000,247500.000000,234660.984375,127169
2018-01-15,249500.000000,251000.000000,244500.000000,247000.000000,234186.937500,112046
2018-01-16,246500.000000,256500.000000,246500.000000,253000.000000,239875.687500,161403
2018-01-17,251000.000000,257000.000000,251000.000000,256500.000000,243194.125000,130436
2018-01-18,258000.000000,259000.000000,252500.000000,255000.000000,241771.937500,138823
2018-01-19,253500.000000,268000.000000,253500.000000,267000.000000,253149.421875,241714
2018-01-22,267500.000000,272000.000000,261000.000000,269500.000000,255519.750000,370941
2018-01-23,268000.000000,275500.000000,266000.000000,268000.000000,254097.546875,252175
2018-01-24,265500.000000,272500.000000,265000.000000,270000.000000,255993.796875,200153
2018-01-25,268500.000000,276500.000000,264000.000000,268000.000000,254097.546875,298618
2018-01-26,252000.000000,255000.000000,241500.000000,246000.000000,233238.796875,1337931
2018-01-29,243000.000000,249500.000000,242000.000000,249500.000000,236557.234375,351592
2018-01-30,247000.000000,248500.000000,244000.000000,245500.000000,232764.750000,331364
2018-01-31,245000.000000,247500.000000,242000.000000,247500.000000,234660.984375,391535
2018-02-01,248000.000000,249000.000000,246000.000000,246000.000000,233238.796875,157759
2018-02-02,246500.000000,256500.000000,246500.000000,255000.000000,241771.937500,437624
2018-02-05,254000.000000,255000.000000,248000.000000,248500.000000,235609.140625,244874
2018-02-06,248000.000000,248000.000000,242000.000000,245000.000000,232290.671875,277099
2018-02-07,245500.000000,256000.000000,242500.000000,243000.000000,230394.421875,323645
2018-02-08,244000.000000,249000.000000,241000.000000,245000.000000,232290.671875,473762
2018-02-09,240000.000000,240500.000000,234500.000000,236500.000000,224231.609375,314830
2018-02-12,236500.000000,238500.000000,234000.000000,234000.000000,221861.296875,289273
2018-02-13,234000.000000,236000.000000,223500.000000,224500.000000,212854.109375,469496
2018-02-14,225500.000000,228000.000000,222000.000000,224500.000000,212854.109375,399960
2018-02-19,228000.000000,229500.000000,222000.000000,223500.000000,211905.984375,314804
2018-02-20,223500.000000,227000.000000,222000.000000,223000.000000,211431.921875,151464
2018-02-21,222500.000000,224500.000000,221000.000000,222500.000000,210957.859375,326193
2018-02-22,222500.000000,227500.000000,222500.000000,224000.000000,212380.046875,281409
2018-02-23,225000.000000,229000.000000,221500.000000,228000.000000,216172.562500,289337
2018-02-26,230000.000000,234000.000000,227500.000000,231500.000000,219490.984375,262655
2018-02-27,232000.000000,234500.000000,230000.000000,230000.000000,218068.796875,149866
2018-02-28,230000.000000,232500.000000,226500.000000,228000.000000,216172.562500,181780
2018-03-02,227000.000000,228000.000000,219500.000000,220500.000000,209061.609375,248597
2018-03-05,220000.000000,223500.000000,220000.000000,221500.000000,210009.734375,125684
2018-03-06,222500.000000,224000.000000,217500.000000,219500.000000,208113.484375,303314
2018-03-07,218500.000000,219000.000000,214500.000000,214500.000000,203372.859375,377344
2018-03-08,218000.000000,219000.000000,215000.000000,218000.000000,206691.296875,270399
2018-03-09,217500.000000,222000.000000,216500.000000,221500.000000,210009.734375,231252
2018-03-12,227000.000000,227000.000000,223000.000000,224500.000000,212854.109375,235422
2018-03-13,221500.000000,224500.000000,220500.000000,224000.000000,212380.046875,173751
2018-03-14,222000.000000,233000.000000,222000.000000,229000.000000,217120.671875,357603
2018-03-15,230000.000000,231500.000000,225000.000000,229000.000000,217120.671875,202773
2018-03-16,230000.000000,237500.000000,229500.000000,231500.000000,219490.984375,347714
2018-03-19,227000.000000,227000.000000,219000.000000,226000.000000,214276.281250,297880
2018-03-20,222000.000000,235000.000000,221500.000000,233500.000000,221387.234375,353851
2018-03-21,232000.000000,237500.000000,232000.000000,236500.000000,224231.609375,186908
2018-03-22,237000.000000,239000.000000,232000.000000,236000.000000,223757.562500,203437
2018-03-23,232000.000000,235500.000000,231500.000000,233000.000000,220913.171875,284903
2018-03-26,230500.000000,234000.000000,228000.000000,232500.000000,220439.109375,182367
2018-03-27,236000.000000,247000.000000,235500.000000,245000.000000,232290.671875,586844
2018-03-28,249500.000000,264000.000000,245000.000000,261500.000000,247934.750000,1530584
2018-03-29,248000.000000,260000.000000,240500.000000,254000.000000,240823.796875,1386658
2018-03-30,251500.000000,252500.000000,237000.000000,239500.000000,227076.000000,744205
2018-04-02,239500.000000,246000.000000,239000.000000,244500.000000,231816.609375,1040185
2018-04-03,244500.000000,258500.000000,241000.000000,255500.000000,242245.984375,596146
2018-04-04,264000.000000,271000.000000,261000.000000,264500.000000,250779.140625,741979
2018-04-05,270000.000000,270000.000000,258500.000000,262500.000000,248882.859375,251627
2018-04-06,263000.000000,264500.000000,260000.000000,262000.000000,248408.812500,270168
2018-04-09,262000.000000,262500.000000,257500.000000,260500.000000,246986.609375,266775
2018-04-10,260000.000000,264500.000000,258500.000000,263000.000000,249356.937500,299354
2018-04-11,261500.000000,264000.000000,261000.000000,262000.000000,248408.812500,173875
2018-04-12,260500.000000,261500.000000,251500.000000,251500.000000,238453.484375,364527
2018-04-13,251500.000000,253000.000000,249500.000000,250000.000000,237031.296875,133074
2018-04-16,253000.000000,253000.000000,242500.000000,245500.000000,232764.750000,234745
2018-04-17,243500.000000,252000.000000,243500.000000,248500.000000,235609.140625,304530
2018-04-18,249000.000000,251000.000000,245500.000000,248500.000000,235609.140625,193627
2018-04-19,248500.000000,248500.000000,241500.000000,243000.000000,230394.421875,258837
2018-04-20,241000.000000,246000.000000,241000.000000,243500.000000,230868.484375,112551
2018-04-23,243500.000000,245000.000000,240500.000000,243500.000000,230868.484375,125683
2018-04-24,247500.000000,250000.000000,243500.000000,245000.000000,232290.671875,253726
2018-04-25,243000.000000,247000.000000,241000.000000,244000.000000,231342.578125,159692
2018-04-26,243500.000000,249000.000000,241000.000000,241000.000000,228498.171875,240291
2018-04-27,241500.000000,249500.000000,241000.000000,246500.000000,233712.859375,255100
2018-04-30,248000.000000,249500.000000,243000.000000,248000.000000,235135.046875,163901
2018-05-02,245000.000000,255500.000000,243000.000000,243500.000000,230868.484375,329216
2018-05-03,247000.000000,248000.000000,238500.000000,240000.000000,227550.046875,287847
2018-05-04,238000.000000,239500.000000,234000.000000,235000.000000,222809.437500,237103
2018-05-08,236500.000000,240000.000000,234000.000000,235000.000000,222809.437500,204230
2018-05-09,238500.000000,238500.000000,234500.000000,235000.000000,222809.437500,169553
2018-05-10,235000.000000,237000.000000,229000.000000,231500.000000,219490.984375,260513
2018-05-11,232500.000000,238000.000000,232000.000000,237000.000000,224705.671875,160885
2018-05-14,238000.000000,242000.000000,236000.000000,240000.000000,227550.046875,185015
2018-05-15,237500.000000,241000.000000,237500.000000,238500.000000,226127.859375,142993
2018-05-16,238000.000000,239000.000000,234500.000000,237000.000000,224705.671875,261360
2018-05-17,238000.000000,239000.000000,235000.000000,237500.000000,225179.750000,148274
2018-05-18,236000.000000,239500.000000,231500.000000,239000.000000,226601.937500,112260
2018-05-21,241000.000000,244000.000000,237500.000000,241500.000000,228972.234375,160148
2018-05-23,248500.000000,250000.000000,244000.000000,247000.000000,234186.937500,523019
2018-05-24,244500.000000,245000.000000,237000.000000,239000.000000,226601.937500,230720
2018-05-25,237500.000000,237500.000000,232500.000000,234500.000000,222335.375000,252405
2018-05-28,234500.000000,234500.000000,230000.000000,231500.000000,219490.984375,150006
2018-05-29,230000.000000,231500.000000,224000.000000,225500.000000,213802.234375,233787
2018-05-30,223000.000000,224500.000000,218500.000000,220500.000000,209061.609375,276826
2018-05-31,221000.000000,221500.000000,217000.000000,218000.000000,206691.296875,496730
2018-06-01,219500.000000,227500.000000,219000.000000,226500.000000,214750.375000,196650
2018-06-04,225000.000000,233000.000000,223500.000000,231000.000000,219016.921875,160646
2018-06-05,228000.000000,229500.000000,226000.000000,227500.000000,215698.484375,121218
2018-06-07,229500.000000,232000.000000,228000.000000,231500.000000,219490.984375,117781
2018-06-08,230000.000000,231500.000000,228000.000000,230000.000000,218068.796875,142218
2018-06-11,231000.000000,232000.000000,224500.000000,226000.000000,214276.281250,277130
2018-06-12,225000.000000,227000.000000,224000.000000,226500.000000,214750.375000,183802
2018-06-14,224000.000000,225000.000000,221000.000000,223000.000000,211431.921875,370143
2018-06-15,222500.000000,222500.000000,219000.000000,219000.000000,207639.421875,539275
2018-06-18,220500.000000,221500.000000,219000.000000,220500.000000,209061.609375,207317
2018-06-19,218500.000000,222000.000000,218000.000000,221000.000000,209535.671875,265262
2018-06-20,220500.000000,220500.000000,218000.000000,219000.000000,207639.421875,266410
2018-06-21,218000.000000,220000.000000,215500.000000,217000.000000,205743.156250,242401
2018-06-22,215500.000000,218500.000000,215000.000000,217000.000000,205743.156250,182137
2018-06-25,220000.000000,220500.000000,215000.000000,216000.000000,204795.046875,276167
2018-06-26,216500.000000,218000.000000,214500.000000,218000.000000,206691.296875,266685
2018-06-27,216000.000000,218000.000000,215000.000000,215500.000000,204320.984375,156627
2018-06-28,215500.000000,216000.000000,213000.000000,214000.000000,202898.796875,131608
2018-06-29,214500.000000,215500.000000,208000.000000,212000.000000,201002.562500,177310
2018-07-02,210500.000000,212000.000000,203500.000000,205500.000000,194839.734375,203404
2018-07-03,207000.000000,208000.000000,203000.000000,205000.000000,194365.671875,122216
2018-07-04,203000.000000,205000.000000,197500.000000,198500.000000,188202.859375,227267
2018-07-05,197000.000000,201000.000000,197000.000000,200000.000000,189625.046875,130579
2018-07-06,200500.000000,209500.000000,200500.000000,205500.000000,194839.734375,184527
2018-07-09,207500.000000,208500.000000,204500.000000,206000.000000,195313.781250,99131
2018-07-10,204000.000000,206500.000000,203000.000000,205000.000000,194365.671875,128623
2018-07-11,200500.000000,204500.000000,200500.000000,202000.000000,191521.296875,149249
2018-07-12,203500.000000,209500.000000,203000.000000,208000.000000,197210.031250,302165
2018-07-13,206500.000000,216500.000000,206000.000000,215500.000000,204320.984375,279643
2018-07-16,213000.000000,224500.000000,213000.000000,222500.000000,210957.859375,340854
2018-07-17,221500.000000,225500.000000,220500.000000,223500.000000,211905.984375,153034
2018-07-18,223500.000000,224000.000000,219000.000000,221000.000000,209535.671875,142083
2018-07-19,218500.000000,223000.000000,218500.000000,222000.000000,210483.796875,103903
2018-07-20,222000.000000,228000.000000,219000.000000,227000.000000,215224.421875,165713
2018-07-23,228500.000000,231500.000000,227000.000000,229500.000000,217594.750000,140170
2018-07-24,227500.000000,227500.000000,221500.000000,226000.000000,214276.281250,174760
2018-07-25,224000.000000,229000.000000,224000.000000,226000.000000,214276.281250,127419
2018-07-26,224000.000000,227500.000000,220500.000000,223000.000000,211431.921875,245872
2018-07-27,225500.000000,231500.000000,225500.000000,228000.000000,216172.562500,248302
2018-07-30,228500.000000,230000.000000,226000.000000,229500.000000,217594.750000,112845
2018-07-31,231000.000000,231000.000000,227500.000000,228000.000000,216172.562500,98193
2018-08-01,229000.000000,231000.000000,226500.000000,228500.000000,216646.609375,90169
2018-08-02,226500.000000,229000.000000,221500.000000,223500.000000,211905.984375,136823
2018-08-03,222500.000000,226000.000000,222000.000000,224500.000000,212854.109375,87520
2018-08-06,223500.000000,230000.000000,223500.000000,227500.000000,215698.484375,79586
2018-08-07,228000.000000,228000.000000,223000.000000,224500.000000,212854.109375,90197
2018-08-08,235000.000000,240500.000000,230000.000000,231000.000000,219016.921875,528047
2018-08-09,230000.000000,233000.000000,228000.000000,233000.000000,220913.171875,165783
2018-08-10,232500.000000,234000.000000,229000.000000,231500.000000,219490.984375,108892
2018-08-13,231500.000000,234500.000000,227000.000000,231000.000000,219016.921875,91229
2018-08-14,231500.000000,233000.000000,228000.000000,230000.000000,218068.796875,93989
2018-08-16,228000.000000,232500.000000,226000.000000,232500.000000,220439.109375,143166
2018-08-17,229500.000000,232500.000000,226500.000000,232000.000000,219965.046875,81940
2018-08-20,234000.000000,235000.000000,232000.000000,235000.000000,222809.437500,105324
2018-08-21,233000.000000,235000.000000,230000.000000,231000.000000,219016.921875,142076
2018-08-22,230500.000000,232000.000000,228000.000000,229500.000000,217594.750000,135387
2018-08-23,231000.000000,231000.000000,228000.000000,230000.000000,218068.796875,136096
2018-08-24,230000.000000,232500.000000,228000.000000,232000.000000,219965.046875,164608
2018-08-27,231000.000000,232500.000000,229000.000000,230000.000000,218068.796875,132308
2018-08-28,231000.000000,232500.000000,229000.000000,231000.000000,219016.921875,137576
2018-08-29,231000.000000,231000.000000,224500.000000,226500.000000,214750.375000,119997
2018-08-30,226500.000000,227000.000000,222000.000000,223000.000000,211431.921875,119006
2018-08-31,225000.000000,226500.000000,222000.000000,224000.000000,212380.046875,137691
2018-09-03,223500.000000,228000.000000,223500.000000,226500.000000,214750.375000,92301
2018-09-04,225000.000000,228000.000000,223000.000000,226500.000000,214750.375000,103520
2018-09-05,226500.000000,229500.000000,224000.000000,226500.000000,214750.375000,156231
2018-09-06,225000.000000,233000.000000,225000.000000,231500.000000,219490.984375,191522
2018-09-07,234500.000000,240000.000000,233500.000000,237000.000000,224705.671875,336510
2018-09-10,232500.000000,237000.000000,226000.000000,227000.000000,215224.421875,172142
2018-09-11,225000.000000,226000.000000,221500.000000,222500.000000,210957.859375,169946
2018-09-12,223000.000000,223000.000000,220500.000000,222000.000000,210483.796875,135920
2018-09-13,222500.000000,223500.000000,220000.000000,221000.000000,209535.671875,189480
2018-09-14,220500.000000,226500.000000,220500.000000,226500.000000,214750.375000,114740
2018-09-17,224000.000000,224500.000000,221000.000000,222500.000000,210957.859375,108966
2018-09-18,220500.000000,221000.000000,217000.000000,220000.000000,208587.562500,199384
2018-09-19,219000.000000,221000.000000,217500.000000,221000.000000,209535.671875,91988
2018-09-20,219500.000000,226500.000000,219500.000000,224500.000000,212854.109375,112037
2018-09-21,227000.000000,227500.000000,221000.000000,223000.000000,211431.921875,158571
2018-09-27,227500.000000,228500.000000,224500.000000,227500.000000,215698.484375,289050
2018-09-28,227000.000000,229500.000000,226000.000000,228000.000000,216172.562500,193492
2018-10-01,225000.000000,226000.000000,220000.000000,221000.000000,209535.671875,160689
2018-10-02,220000.000000,223000.000000,217500.000000,218000.000000,206691.296875,141137
2018-10-04,216000.000000,218000.000000,203500.000000,209500.000000,198632.234375,325337
2018-10-05,208500.000000,209500.000000,206000.000000,208500.000000,197684.109375,142461
2018-10-08,208000.000000,212000.000000,205000.000000,208000.000000,197210.031250,131297
2018-10-10,211000.000000,211000.000000,201500.000000,205500.000000,194839.734375,181623
2018-10-11,199000.000000,202000.000000,195000.000000,195500.000000,185358.484375,358876
2018-10-12,197000.000000,197500.000000,191500.000000,195500.000000,185358.484375,244661
2018-10-15,195500.000000,197000.000000,188000.000000,190500.000000,180617.859375,304782
2018-10-16,190500.000000,195500.000000,189000.000000,191500.000000,181565.984375,256210
2018-10-17,194000.000000,198500.000000,192500.000000,198500.000000,188202.859375,206485
2018-10-18,195000.000000,196500.000000,188500.000000,191000.000000,181091.921875,291817
2018-10-19,189500.000000,194000.000000,188500.000000,193000.000000,182988.171875,165407
2018-10-22,193000.000000,197000.000000,192000.000000,195500.000000,185358.484375,233922
2018-10-23,193000.000000,195000.000000,185500.000000,187500.000000,177773.468750,436598
2018-10-24,189500.000000,192500.000000,187500.000000,191000.000000,181091.921875,348405
2018-10-25,187000.000000,190000.000000,172500.000000,182500.000000,173032.859375,500682
2018-10-26,182000.000000,192500.000000,182000.000000,188000.000000,178247.531250,475642
2018-10-29,188000.000000,194000.000000,187000.000000,189000.000000,179195.671875,285393
2018-10-30,190000.000000,195500.000000,189500.000000,191500.000000,181565.984375,269327
2018-10-31,187500.000000,192000.000000,183500.000000,190000.000000,180143.781250,287841
2018-11-01,187000.000000,191500.000000,185000.000000,187500.000000,177773.468750,328587
2018-11-02,186000.000000,190000.000000,186000.000000,188500.000000,178721.609375,424064
2018-11-05,187000.000000,191500.000000,186500.000000,188500.000000,178721.609375,191947
2018-11-06,189500.000000,196500.000000,189000.000000,195500.000000,185358.484375,215540
2018-11-07,194500.000000,199000.000000,192000.000000,193000.000000,182988.171875,203610
2018-11-08,197000.000000,198000.000000,193000.000000,193000.000000,182988.171875,199959
2018-11-09,192000.000000,198500.000000,192000.000000,193000.000000,182988.171875,141838
2018-11-12,192000.000000,192500.000000,185000.000000,186000.000000,176351.296875,146973
2018-11-13,182000.000000,188000.000000,179000.000000,186500.000000,176825.359375,190077
2018-11-14,187500.000000,192000.000000,187000.000000,190000.000000,180143.781250,157205
2018-11-15,null,null,null,null,null,null
2018-11-16,192000.000000,194500.000000,190500.000000,193500.000000,183462.234375,101143
2018-11-19,190500.000000,192500.000000,187500.000000,191000.000000,181091.921875,142024
2018-11-20,191500.000000,192500.000000,181000.000000,184500.000000,174929.109375,235831
2018-11-21,180500.000000,186000.000000,178000.000000,185000.000000,175403.171875,172473
2018-11-22,185000.000000,185000.000000,167000.000000,169000.000000,160233.156250,705244
2018-11-23,168500.000000,170000.000000,165000.000000,167000.000000,158336.906250,326300
2018-11-26,166000.000000,169000.000000,165500.000000,167000.000000,158336.906250,302321
2018-11-27,168000.000000,175500.000000,167500.000000,174500.000000,165447.843750,396585
2018-11-28,175000.000000,177500.000000,173000.000000,176000.000000,166870.031250,183892
2018-11-29,178000.000000,179500.000000,172500.000000,173500.000000,164499.734375,156706
2018-11-30,175500.000000,184500.000000,174000.000000,180500.000000,171136.609375,435192
2018-12-03,183000.000000,185000.000000,180000.000000,181500.000000,172084.718750,137431
2018-12-04,183000.000000,183500.000000,177000.000000,179500.000000,170188.484375,187512
2018-12-05,177500.000000,179500.000000,176000.000000,177000.000000,167818.140625,135384
2018-12-06,177500.000000,180500.000000,174000.000000,179000.000000,169714.406250,153458
2018-12-07,180000.000000,182000.000000,177500.000000,181000.000000,171610.656250,130643
2018-12-10,177000.000000,181000.000000,175500.000000,180000.000000,170662.546875,181255
2018-12-11,178000.000000,180000.000000,174500.000000,177500.000000,168292.234375,156828
2018-12-12,180000.000000,195000.000000,179000.000000,193500.000000,183462.234375,485527
2018-12-13,194000.000000,203500.000000,192000.000000,201000.000000,190573.156250,592157
2018-12-14,201000.000000,201000.000000,196500.000000,199000.000000,188676.906250,230837
2018-12-17,203000.000000,203500.000000,194500.000000,201000.000000,190573.156250,191113
2018-12-18,201000.000000,201500.000000,198500.000000,200000.000000,189625.046875,176452
2018-12-19,201500.000000,207000.000000,198500.000000,205500.000000,194839.734375,238458
2018-12-20,200000.000000,202500.000000,196500.000000,200000.000000,189625.046875,354985
2018-12-21,194000.000000,196500.000000,193000.000000,195000.000000,184884.421875,309481
2018-12-24,195000.000000,198500.000000,194000.000000,197000.000000,186780.656250,134838
2018-12-26,193500.000000,194000.000000,185500.000000,190000.000000,180143.781250,260543
2018-12-27,189000.000000,193000.000000,186500.000000,188500.000000,182565.078125,146869
2018-12-28,188500.000000,192500.000000,188500.000000,190000.000000,184017.859375,143178
2019-01-02,190500.000000,191500.000000,183000.000000,185000.000000,179175.265625,215479
2019-01-03,187000.000000,194000.000000,184000.000000,192000.000000,185954.875000,236692
2019-01-04,191000.000000,202000.000000,191000.000000,199500.000000,193218.734375,352671
2019-01-07,200000.000000,200500.000000,196000.000000,198500.000000,192250.234375,144186
2019-01-08,200500.000000,201000.000000,192000.000000,193000.000000,186923.390625,112903
2019-01-09,192500.000000,204500.000000,191500.000000,202500.000000,196124.296875,277391
2019-01-10,199000.000000,200000.000000,195500.000000,196000.000000,189828.953125,239761
2019-01-11,196000.000000,198500.000000,195000.000000,196500.000000,190313.203125,138285
2019-01-14,195500.000000,197500.000000,193000.000000,195000.000000,188860.437500,130372
2019-01-15,199000.000000,203000.000000,195500.000000,202000.000000,195640.031250,211778
2019-01-16,200000.000000,203000.000000,198000.000000,200000.000000,193703.000000,131657
2019-01-17,199500.000000,211500.000000,198000.000000,207000.000000,200482.609375,373169
2019-01-18,207000.000000,212500.000000,206000.000000,210000.000000,203388.156250,356368
2019-01-21,208500.000000,211500.000000,203500.000000,205000.000000,198545.578125,190077
2019-01-22,205000.000000,206500.000000,203500.000000,205500.000000,199029.828125,143839
2019-01-23,205500.000000,215500.000000,204000.000000,215000.000000,208230.718750,321733
2019-01-24,211000.000000,215500.000000,208000.000000,214500.000000,207746.468750,292037
2019-01-25,210500.000000,214000.000000,208500.000000,208500.000000,201935.375000,264026
2019-01-28,220500.000000,220500.000000,215000.000000,217500.000000,210652.015625,460844
2019-01-29,215000.000000,222500.000000,212500.000000,221000.000000,214041.812500,353140
2019-01-30,222500.000000,224500.000000,218500.000000,224500.000000,217431.625000,241733
2019-01-31,226000.000000,226500.000000,219500.000000,225000.000000,217915.875000,263647
2019-02-01,225500.000000,227000.000000,222500.000000,224000.000000,216947.375000,158081
2019-02-07,223500.000000,224000.000000,219500.000000,221000.000000,214041.812500,175558
2019-02-08,213000.000000,220000.000000,213000.000000,218000.000000,211136.281250,143844
2019-02-11,218000.000000,223500.000000,216500.000000,219500.000000,212589.046875,180612
2019-02-12,220000.000000,225000.000000,219500.000000,222000.000000,215010.328125,211222
2019-02-13,222000.000000,223000.000000,217500.000000,218500.000000,211620.531250,162454
2019-02-14,215500.000000,218000.000000,210500.000000,218000.000000,211136.281250,343277
2019-02-15,216500.000000,217000.000000,212000.000000,214000.000000,207262.203125,177426
2019-02-18,213000.000000,213500.000000,208000.000000,210000.000000,203388.156250,272761
2019-02-19,209500.000000,210500.000000,208500.000000,209000.000000,202419.625000,140054
2019-02-20,209500.000000,213500.000000,209000.000000,210000.000000,203388.156250,313845
2019-02-21,212500.000000,216500.000000,211000.000000,214500.000000,207746.468750,322897
2019-02-22,212000.000000,217000.000000,211500.000000,213000.000000,206293.703125,237777
2019-02-25,215000.000000,217500.000000,213000.000000,214000.000000,207262.203125,188208
2019-02-26,213500.000000,218500.000000,211500.000000,213000.000000,206293.703125,510196
2019-02-27,220000.000000,222000.000000,217000.000000,221000.000000,214041.812500,591208
2019-02-28,221000.000000,224500.000000,219000.000000,220500.000000,213557.562500,407384
2019-03-04,216500.000000,217500.000000,208500.000000,212500.000000,205809.437500,422495
2019-03-05,209500.000000,210500.000000,207000.000000,210000.000000,203388.156250,271580
2019-03-06,210500.000000,214000.000000,207500.000000,213000.000000,206293.703125,234174
2019-03-07,215000.000000,217000.000000,208500.000000,210000.000000,203388.156250,204990
2019-03-08,209000.000000,209000.000000,203000.000000,204000.000000,197577.062500,157539
2019-03-11,203500.000000,206500.000000,201000.000000,205500.000000,199029.828125,119911
2019-03-12,206500.000000,209500.000000,206500.000000,208000.000000,201451.109375,123978
2019-03-13,211000.000000,211000.000000,202000.000000,207000.000000,200482.609375,137139
2019-03-14,211000.000000,211000.000000,197500.000000,200000.000000,193703.000000,410472
2019-03-15,201500.000000,209500.000000,200500.000000,207000.000000,200482.609375,376469
2019-03-18,209500.000000,214500.000000,206500.000000,213000.000000,206293.703125,156581
2019-03-19,214000.000000,215000.000000,209000.000000,213000.000000,206293.703125,209318
2019-03-20,207500.000000,215000.000000,207000.000000,215000.000000,208230.718750,202400
2019-03-21,214500.000000,216000.000000,210500.000000,213500.000000,206777.953125,153710
2019-03-22,213500.000000,216000.000000,211000.000000,214500.000000,207746.468750,232552
2019-03-25,212000.000000,212000.000000,208000.000000,208000.000000,201451.109375,135415
2019-03-26,208000.000000,211000.000000,207000.000000,210500.000000,203872.421875,155296
2019-03-27,209000.000000,210000.000000,206500.000000,208000.000000,201451.109375,136094
2019-03-28,205500.000000,209500.000000,204500.000000,209000.000000,202419.625000,125651
2019-03-29,209500.000000,211000.000000,204500.000000,208500.000000,201935.375000,245770
2019-04-01,210000.000000,211000.000000,208500.000000,211000.000000,204356.671875,117275
2019-04-02,209000.000000,210000.000000,206000.000000,207500.000000,200966.859375,176075
2019-04-03,206000.000000,215500.000000,206000.000000,215500.000000,208714.984375,243849
2019-04-04,215000.000000,219500.000000,214500.000000,218500.000000,211620.531250,149577
2019-04-05,219500.000000,225500.000000,217500.000000,225000.000000,217915.875000,220957
2019-04-08,223000.000000,227000.000000,221500.000000,223500.000000,216463.093750,199073
2019-04-09,221500.000000,225500.000000,220000.000000,224500.000000,217431.625000,147330
2019-04-10,223000.000000,226000.000000,221000.000000,226000.000000,218884.390625,156979
2019-04-11,225000.000000,226500.000000,223000.000000,226500.000000,219368.656250,207467
2019-04-12,226000.000000,226500.000000,222500.000000,223000.000000,215978.843750,194785
2019-04-15,221500.000000,224500.000000,216000.000000,217500.000000,210652.015625,221694
2019-04-16,217500.000000,225500.000000,217000.000000,225000.000000,217915.875000,313202
2019-04-17,225500.000000,229500.000000,222000.000000,229500.000000,222274.187500,189138
2019-04-18,230000.000000,240000.000000,229500.000000,233000.000000,225664.000000,379164
2019-04-19,233500.000000,234000.000000,229000.000000,229000.000000,221789.937500,86128
2019-04-22,227000.000000,230500.000000,226000.000000,229000.000000,221789.937500,101227
2019-04-23,231000.000000,234500.000000,228000.000000,234000.000000,226632.515625,182821
2019-04-24,234000.000000,235500.000000,229000.000000,232500.000000,225179.750000,323852
2019-04-25,231000.000000,232000.000000,226500.000000,228000.000000,220821.421875,192626
2019-04-26,228500.000000,228500.000000,222500.000000,226000.000000,218884.390625,200629
2019-04-29,226500.000000,236000.000000,226000.000000,234500.000000,227116.765625,260452
2019-04-30,232500.000000,234500.000000,231000.000000,232500.000000,225179.750000,202907
2019-05-02,232000.000000,240000.000000,230000.000000,237000.000000,229538.046875,305273
2019-05-03,235500.000000,237500.000000,231500.000000,233000.000000,225664.000000,225747
2019-05-07,229000.000000,238000.000000,229000.000000,233500.000000,226148.250000,239384
2019-05-08,228500.000000,232500.000000,228500.000000,230000.000000,222758.453125,137471
2019-05-09,227500.000000,230500.000000,219500.000000,219500.000000,212589.046875,287796
2019-05-10,223500.000000,225000.000000,215000.000000,219000.000000,212104.796875,186765
2019-05-13,215000.000000,218500.000000,212500.000000,214500.000000,207746.468750,185969
2019-05-14,215000.000000,217500.000000,210500.000000,212500.000000,205809.437500,196877
2019-05-15,211000.000000,215500.000000,208000.000000,213000.000000,206293.703125,156237
2019-05-16,221000.000000,223500.000000,212000.000000,212500.000000,205809.437500,269750
2019-05-17,213500.000000,215500.000000,211000.000000,212000.000000,205325.187500,130038
2019-05-20,214500.000000,218000.000000,214000.000000,217000.000000,210167.765625,194202
2019-05-21,214000.000000,215500.000000,211500.000000,212000.000000,205325.187500,146671
2019-05-22,212000.000000,213000.000000,209500.000000,211000.000000,204356.671875,154425
2019-05-23,212500.000000,214000.000000,210000.000000,212000.000000,205325.187500,154302
2019-05-24,212000.000000,215500.000000,210500.000000,214000.000000,207262.203125,177470
2019-05-27,215500.000000,221500.000000,215000.000000,219000.000000,212104.796875,244020
2019-05-28,219500.000000,220000.000000,215500.000000,217000.000000,210167.765625,367016
2019-05-29,218500.000000,221500.000000,216500.000000,217500.000000,210652.015625,204658
2019-05-30,213500.000000,222000.000000,213000.000000,221000.000000,214041.812500,183125
2019-05-31,218000.000000,220000.000000,212500.000000,217000.000000,210167.765625,303658
2019-06-03,214000.000000,220000.000000,214000.000000,217000.000000,210167.765625,178661
2019-06-04,214000.000000,223500.000000,214000.000000,217500.000000,210652.015625,164214
2019-06-05,218500.000000,222000.000000,216000.000000,220500.000000,213557.562500,199646
2019-06-07,220000.000000,224500.000000,217500.000000,220000.000000,213073.296875,189024
2019-06-10,223000.000000,226500.000000,220500.000000,225500.000000,218400.140625,176237
2019-06-11,225000.000000,228000.000000,224000.000000,225500.000000,218400.140625,112516
2019-06-12,226500.000000,228000.000000,221500.000000,223000.000000,215978.843750,123904
2019-06-13,221500.000000,224000.000000,214500.000000,216000.000000,209199.234375,382356
2019-06-14,218000.000000,221500.000000,216000.000000,220500.000000,213557.562500,218962
2019-06-17,221500.000000,224500.000000,220500.000000,220500.000000,213557.562500,155634
2019-06-18,222000.000000,224000.000000,221000.000000,223500.000000,216463.093750,110784
2019-06-19,225000.000000,225500.000000,222500.000000,223500.000000,216463.093750,116054
2019-06-20,223500.000000,224500.000000,222000.000000,224000.000000,216947.375000,121384
2019-06-21,223000.000000,227000.000000,222000.000000,226000.000000,218884.390625,204380
2019-06-24,228500.000000,232500.000000,227500.000000,229000.000000,221789.937500,177873
2019-06-25,230500.000000,233000.000000,228000.000000,232000.000000,224695.484375,143019
2019-06-26,232000.000000,234500.000000,229000.000000,233000.000000,225664.000000,179265
2019-06-27,229000.000000,236000.000000,228000.000000,235500.000000,229068.406250,206434
2019-06-28,233500.000000,237000.000000,232000.000000,235500.000000,229068.406250,159416
2019-07-01,239000.000000,239500.000000,234500.000000,235000.000000,228582.062500,168621
2019-07-02,233000.000000,234000.000000,230500.000000,232000.000000,225664.000000,166913
2019-07-03,231500.000000,236500.000000,228500.000000,229500.000000,223232.265625,165374
2019-07-04,230000.000000,233500.000000,227500.000000,232000.000000,225664.000000,196409
2019-07-05,231500.000000,235000.000000,231000.000000,233500.000000,227123.031250,151166
2019-07-08,230500.000000,233500.000000,229500.000000,231500.000000,225177.656250,84638
2019-07-09,232000.000000,234500.000000,230500.000000,231000.000000,224691.296875,135090
2019-07-10,234500.000000,234500.000000,229000.000000,231500.000000,225177.656250,135087
2019-07-11,229000.000000,233000.000000,228000.000000,231500.000000,225177.656250,224580
2019-07-12,230500.000000,237000.000000,229000.000000,235500.000000,229068.406250,118485
2019-07-15,234500.000000,235500.000000,232500.000000,235500.000000,229068.406250,103816
2019-07-16,236000.000000,236500.000000,229500.000000,231500.000000,225177.656250,176995
2019-07-17,232000.000000,234500.000000,230500.000000,234500.000000,228095.718750,142711
2019-07-18,231500.000000,233000.000000,229500.000000,231000.000000,224691.296875,140916
2019-07-19,233500.000000,234000.000000,229500.000000,233500.000000,227123.031250,134565
2019-07-22,231500.000000,233000.000000,226000.000000,227500.000000,221286.890625,194960
2019-07-23,230000.000000,233000.000000,226500.000000,233000.000000,226636.687500,150346
2019-07-24,232000.000000,235500.000000,231500.000000,232500.000000,226150.343750,111346
2019-07-25,240000.000000,246500.000000,237000.000000,245500.000000,238795.296875,495994
2019-07-26,245500.000000,250000.000000,245000.000000,245500.000000,238795.296875,270999
2019-07-29,245500.000000,245500.000000,237500.000000,242500.000000,235877.234375,169686
2019-07-30,245500.000000,247000.000000,241000.000000,244000.000000,237336.265625,161770
2019-07-31,243000.000000,246000.000000,241000.000000,241000.000000,234418.203125,217830
2019-08-01,246000.000000,246000.000000,240000.000000,243500.000000,236849.921875,150923
2019-08-02,240000.000000,246500.000000,237000.000000,246000.000000,239281.656250,247574
2019-08-05,242000.000000,246000.000000,240500.000000,242500.000000,235877.234375,205206
2019-08-06,240000.000000,242500.000000,228500.000000,237000.000000,230527.437500,347171
2019-08-07,240500.000000,240500.000000,234000.000000,238000.000000,231500.125000,204498
2019-08-08,238500.000000,240500.000000,235000.000000,236500.000000,230041.093750,309661
2019-08-09,239500.000000,245000.000000,237000.000000,243500.000000,236849.921875,204921
2019-08-12,241000.000000,244500.000000,238500.000000,238500.000000,231986.484375,146465
2019-08-13,235500.000000,237500.000000,234000.000000,235000.000000,228582.062500,122224
2019-08-14,237000.000000,242500.000000,236000.000000,240000.000000,233445.515625,193575
2019-08-16,245000.000000,245000.000000,235000.000000,239500.000000,232959.171875,190339
2019-08-19,243500.000000,243500.000000,239000.000000,242000.000000,235390.890625,138957
2019-08-20,240000.000000,245000.000000,239000.000000,244500.000000,237822.609375,254168
2019-08-21,245500.000000,247500.000000,241500.000000,245000.000000,238308.953125,246941
2019-08-22,245000.000000,245000.000000,240500.000000,240500.000000,233931.859375,164628
2019-08-23,239000.000000,243500.000000,238500.000000,241500.000000,234904.546875,158730
2019-08-26,234500.000000,241500.000000,234500.000000,239000.000000,232472.828125,161530
2019-08-27,241000.000000,243000.000000,238000.000000,240500.000000,233931.859375,353866
2019-08-28,244500.000000,249000.000000,243500.000000,247000.000000,240254.343750,206614
2019-08-29,249000.000000,249000.000000,243000.000000,244000.000000,237336.265625,138049
2019-08-30,245000.000000,248500.000000,244000.000000,248500.000000,241713.375000,176218
2019-09-02,248500.000000,253000.000000,246500.000000,252500.000000,245604.125000,105730
2019-09-03,250500.000000,251500.000000,246500.000000,249000.000000,242199.718750,152013
2019-09-04,252000.000000,252000.000000,247000.000000,250500.000000,243658.750000,170597
2019-09-05,247000.000000,249500.000000,245500.000000,246500.000000,239768.000000,178743
2019-09-06,246000.000000,249000.000000,245500.000000,249000.000000,242199.718750,132574
2019-09-09,249000.000000,251500.000000,247500.000000,251000.000000,244145.093750,155187
2019-09-10,249500.000000,251000.000000,247500.000000,249000.000000,242199.718750,168845
2019-09-11,251000.000000,251000.000000,244000.000000,247500.000000,240740.687500,399458
2019-09-16,248500.000000,249500.000000,242500.000000,244500.000000,237822.609375,273827
2019-09-17,244500.000000,248000.000000,243000.000000,248000.000000,241227.031250,196257
2019-09-18,246500.000000,249500.000000,246000.000000,249500.000000,242686.062500,177141
2019-09-19,247500.000000,247500.000000,244000.000000,245500.000000,238795.296875,169654
2019-09-20,246500.000000,249000.000000,245000.000000,248500.000000,241713.375000,275425
2019-09-23,248500.000000,253500.000000,248500.000000,251500.000000,244631.437500,193970
2019-09-24,258500.000000,263500.000000,253500.000000,259500.000000,252412.953125,414058
2019-09-25,254500.000000,257500.000000,253000.000000,255000.000000,248035.859375,280649
2019-09-26,255000.000000,255000.000000,247000.000000,249500.000000,242686.062500,251912
2019-09-27,252000.000000,252000.000000,246000.000000,249000.000000,242199.718750,130769
2019-09-30,249500.000000,253000.000000,248000.000000,252000.000000,245117.781250,191365
2019-10-01,251500.000000,252000.000000,247000.000000,247500.000000,240740.687500,192354
2019-10-02,245500.000000,247500.000000,243000.000000,245500.000000,238795.296875,211452
2019-10-04,243000.000000,245500.000000,239000.000000,242500.000000,235877.234375,206930
2019-10-07,241500.000000,245500.000000,241000.000000,244000.000000,237336.265625,120836
2019-10-08,243000.000000,245500.000000,241500.000000,243500.000000,236849.921875,170518
2019-10-10,243500.000000,248000.000000,237500.000000,245500.000000,238795.296875,329544
2019-10-11,248000.000000,249000.000000,242000.000000,244000.000000,237336.265625,201697
2019-10-14,247500.000000,247500.000000,239500.000000,240500.000000,233931.859375,189019
2019-10-15,242000.000000,246500.000000,241500.000000,245500.000000,238795.296875,200929
2019-10-16,245000.000000,245500.000000,242000.000000,244000.000000,237336.265625,153355
2019-10-17,245000.000000,245000.000000,239000.000000,240500.000000,233931.859375,164578
2019-10-18,243500.000000,243500.000000,238500.000000,241000.000000,234418.203125,239026
2019-10-21,241500.000000,241500.000000,235500.000000,238500.000000,231986.484375,130342
2019-10-22,236500.000000,242500.000000,236500.000000,241000.000000,234418.203125,176620
2019-10-23,239500.000000,241500.000000,238500.000000,240000.000000,233445.515625,132086
2019-10-24,238500.000000,243500.000000,238500.000000,241000.000000,234418.203125,183751
2019-10-25,240000.000000,240000.000000,236500.000000,237000.000000,230527.437500,383310
2019-10-28,238000.000000,240000.000000,236500.000000,237000.000000,230527.437500,597923
2019-10-29,237500.000000,239500.000000,236500.000000,237500.000000,231013.781250,187239
2019-10-30,239000.000000,240000.000000,237000.000000,238000.000000,231500.125000,180426
2019-10-31,237500.000000,240500.000000,235000.000000,238000.000000,231500.125000,226345
2019-11-01,237000.000000,244000.000000,236500.000000,243000.000000,236363.578125,180495
2019-11-04,241000.000000,244000.000000,240000.000000,242500.000000,235877.234375,208980
2019-11-05,242500.000000,246500.000000,242000.000000,246500.000000,239768.000000,202980
2019-11-06,247000.000000,248000.000000,244500.000000,244500.000000,237822.609375,150854
2019-11-07,246500.000000,249000.000000,244500.000000,247000.000000,240254.343750,169598
2019-11-08,245000.000000,246000.000000,241500.000000,242000.000000,235390.890625,176210
2019-11-11,241000.000000,244500.000000,241000.000000,241500.000000,234904.546875,109303
2019-11-12,242000.000000,246000.000000,241000.000000,244500.000000,237822.609375,237741
2019-11-13,243500.000000,245500.000000,241000.000000,241500.000000,234904.546875,128720
2019-11-14,null,null,null,null,null,null
2019-11-15,248000.000000,258500.000000,246500.000000,257500.000000,250467.578125,295646
2019-11-18,254000.000000,258500.000000,252000.000000,255500.000000,248522.203125,240022
2019-11-19,256000.000000,260000.000000,256000.000000,257000.000000,249981.234375,290124
2019-11-20,255500.000000,259000.000000,254500.000000,256000.000000,249008.546875,270526
2019-11-21,256000.000000,258500.000000,251000.000000,253000.000000,246090.468750,385166
2019-11-22,251000.000000,256500.000000,251000.000000,255500.000000,248522.203125,257086
2019-11-25,253000.000000,258500.000000,253000.000000,257000.000000,249981.234375,304028
2019-11-26,253000.000000,257000.000000,247000.000000,247000.000000,240254.343750,630562
2019-11-27,247000.000000,254000.000000,247000.000000,252500.000000,245604.125000,308263
2019-11-28,251000.000000,253000.000000,249000.000000,251000.000000,244145.093750,225680
2019-11-29,252500.000000,253500.000000,244000.000000,245000.000000,238308.953125,257744
2019-12-02,245000.000000,248500.000000,244500.000000,246500.000000,239768.000000,242207
2019-12-03,247500.000000,249500.000000,244500.000000,248000.000000,241227.031250,262440
2019-12-04,248000.000000,250500.000000,246000.000000,249500.000000,242686.062500,345433
2019-12-05,248000.000000,251000.000000,244000.000000,245000.000000,238308.953125,298932
2019-12-06,246500.000000,247500.000000,244500.000000,246500.000000,239768.000000,200593
2019-12-09,246500.000000,252500.000000,246000.000000,252000.000000,245117.781250,244462
2019-12-10,250000.000000,257500.000000,250000.000000,257000.000000,249981.234375,287466
2019-12-11,254000.000000,256500.000000,253000.000000,256000.000000,249008.546875,278919
2019-12-12,256000.000000,260000.000000,254000.000000,259500.000000,252412.953125,409684
2019-12-13,261000.000000,263000.000000,258000.000000,260500.000000,253385.656250,243561
2019-12-16,263000.000000,263000.000000,259500.000000,260500.000000,253385.656250,234196
2019-12-17,267000.000000,267000.000000,261000.000000,263500.000000,256303.718750,540074
2019-12-18,259500.000000,268500.000000,259000.000000,267000.000000,259708.125000,317144
2019-12-19,265000.000000,266000.000000,257000.000000,261000.000000,253872.000000,250200
2019-12-20,261500.000000,262500.000000,258500.000000,262000.000000,254844.687500,242192
2019-12-23,263000.000000,263000.000000,258000.000000,260000.000000,252899.296875,204087
2019-12-24,258500.000000,261000.000000,256500.000000,257500.000000,250467.578125,161771
2019-12-26,259500.000000,261500.000000,257000.000000,261000.000000,253872.000000,126392
2019-12-27,258000.000000,262000.000000,255000.000000,257500.000000,253380.000000,106529
2019-12-30,260500.000000,260500.000000,256000.000000,256000.000000,251904.000000,106749
2020-01-02,254500.000000,256000.000000,247500.000000,247500.000000,243540.000000,214585
2020-01-03,249000.000000,250500.000000,244500.000000,250000.000000,246000.000000,255475
2020-01-06,250000.000000,252000.000000,248000.000000,249500.000000,245508.000000,130109
2020-01-07,252000.000000,255000.000000,249000.000000,252500.000000,248460.000000,251361
2020-01-08,248000.000000,256500.000000,244000.000000,245000.000000,241080.000000,317886
2020-01-09,245000.000000,248500.000000,243000.000000,245000.000000,241080.000000,283999
2020-01-10,245500.000000,247500.000000,244000.000000,244500.000000,240588.000000,208838
2020-01-13,243500.000000,245500.000000,241500.000000,242000.000000,238128.000000,199412
2020-01-14,243500.000000,246000.000000,242500.000000,244000.000000,240096.000000,192654
2020-01-15,244000.000000,245500.000000,243000.000000,245000.000000,241080.000000,176379
2020-01-16,246000.000000,250000.000000,243000.000000,249500.000000,245508.000000,291549
2020-01-17,250500.000000,251500.000000,247000.000000,248000.000000,244032.000000,162761
2020-01-20,247500.000000,249500.000000,246000.000000,246000.000000,242064.000000,150631
2020-01-21,244500.000000,244500.000000,240000.000000,241000.000000,237144.000000,252264
2020-01-22,243000.000000,246000.000000,241000.000000,245500.000000,241572.000000,283895
2020-01-23,248500.000000,253000.000000,246500.000000,251500.000000,247476.000000,472880
2020-01-28,246500.000000,248500.000000,245000.000000,245000.000000,241080.000000,283811
2020-01-29,243000.000000,244500.000000,236000.000000,239500.000000,235668.000000,310470
2020-01-30,240000.000000,240000.000000,235000.000000,237000.000000,233208.000000,393045
2020-01-31,237000.000000,239500.000000,229500.000000,229500.000000,225828.000000,238669
2020-02-03,227500.000000,228500.000000,220000.000000,228000.000000,224352.000000,332333
2020-02-04,229000.000000,231000.000000,227500.000000,229500.000000,225828.000000,376956
2020-02-05,229000.000000,230500.000000,226000.000000,227000.000000,223368.000000,255446
2020-02-06,229500.000000,235000.000000,227500.000000,234000.000000,230256.000000,311850
2020-02-07,231000.000000,231500.000000,228000.000000,231000.000000,227304.000000,232094
2020-02-10,227500.000000,230000.000000,225000.000000,228500.000000,224844.000000,183144
2020-02-11,229000.000000,240500.000000,228500.000000,237500.000000,233700.000000,302565
2020-02-12,238000.000000,243500.000000,237500.000000,242500.000000,238620.000000,268281
2020-02-13,241000.000000,242500.000000,237500.000000,239000.000000,235176.000000,252113
2020-02-14,234500.000000,240500.000000,234000.000000,237000.000000,233208.000000,186275
2020-02-17,240000.000000,240500.000000,235500.000000,239000.000000,235176.000000,119699
2020-02-18,237500.000000,239000.000000,235000.000000,235500.000000,231732.000000,126287
2020-02-19,239000.000000,239500.000000,234000.000000,235500.000000,231732.000000,158389
2020-02-20,235500.000000,237000.000000,230000.000000,231000.000000,227304.000000,183854
2020-02-21,228000.000000,231000.000000,227000.000000,228500.000000,224844.000000,143419
2020-02-24,224000.000000,226000.000000,219000.000000,219000.000000,215496.000000,247956
2020-02-25,216000.000000,224000.000000,216000.000000,220000.000000,216480.000000,249318
2020-02-26,216500.000000,222500.000000,216000.000000,220000.000000,216480.000000,234909
2020-02-27,219000.000000,222500.000000,218500.000000,219000.000000,215496.000000,162109
2020-02-28,217000.000000,218000.000000,208500.000000,210000.000000,206640.000000,317745
2020-03-02,204500.000000,210000.000000,199500.000000,207000.000000,203688.000000,558902
2020-03-03,209000.000000,211000.000000,204000.000000,204500.000000,201228.000000,302640
2020-03-04,207000.000000,210500.000000,205500.000000,209000.000000,205656.000000,249704
2020-03-05,210000.000000,211500.000000,208000.000000,210500.000000,207132.000000,244377
2020-03-06,208000.000000,210000.000000,203000.000000,203000.000000,199752.000000,248997
2020-03-09,203000.000000,203000.000000,203000.000000,203000.000000,199752.000000,0
2020-03-10,194500.000000,197000.000000,189000.000000,189000.000000,185976.000000,392442
2020-03-11,189500.000000,192000.000000,185000.000000,187500.000000,184500.000000,288950
2020-03-12,187500.000000,187500.000000,187500.000000,187500.000000,184500.000000,0
2020-03-13,162000.000000,174000.000000,162000.000000,171500.000000,168756.000000,623997
2020-03-16,172500.000000,176000.000000,161500.000000,161500.000000,158916.000000,329732
2020-03-17,156500.000000,159000.000000,152000.000000,152500.000000,150060.000000,433323
2020-03-18,152500.000000,154000.000000,140500.000000,141000.000000,138744.000000,438595
2020-03-19,142000.000000,145000.000000,126000.000000,129000.000000,126936.000000,577742
2020-03-20,130000.000000,142000.000000,126500.000000,140500.000000,138252.000000,567440
2020-03-23,128000.000000,139000.000000,127000.000000,133500.000000,131364.000000,522677
2020-03-24,140500.000000,145500.000000,137000.000000,144500.000000,142188.000000,464543
2020-03-25,159500.000000,173000.000000,156000.000000,169500.000000,166788.000000,810541
2020-03-26,167000.000000,179500.000000,164000.000000,167000.000000,164328.000000,658075
2020-03-27,179500.000000,179500.000000,165500.000000,170000.000000,167280.000000,576106
2020-03-30,164000.000000,168000.000000,160500.000000,164500.000000,161868.000000,446277
2020-03-31,166500.000000,171500.000000,164500.000000,169500.000000,166788.000000,409687
2020-04-01,166500.000000,171000.000000,165500.000000,166500.000000,163836.000000,362016
2020-04-02,168500.000000,169000.000000,162000.000000,167000.000000,164328.000000,396835
2020-04-03,164500.000000,167000.000000,163000.000000,165000.000000,162360.000000,307022
2020-04-06,165500.000000,169500.000000,164500.000000,169500.000000,166788.000000,301214
2020-04-07,173000.000000,174500.000000,168000.000000,172500.000000,169740.000000,600590
2020-04-08,170000.000000,174500.000000,169000.000000,170000.000000,167280.000000,444216
2020-04-09,173000.000000,179500.000000,171000.000000,178000.000000,175152.000000,607783
2020-04-10,178500.000000,184000.000000,175500.000000,181000.000000,178104.000000,368237
2020-04-13,178000.000000,179000.000000,174000.000000,174000.000000,171216.000000,243078
2020-04-14,175000.000000,178000.000000,173000.000000,176500.000000,173676.000000,256468
2020-04-16,173000.000000,177000.000000,171000.000000,174500.000000,171708.000000,402536
2020-04-17,175500.000000,181500.000000,175500.000000,179500.000000,176628.000000,315155
2020-04-20,179000.000000,181000.000000,178000.000000,179500.000000,176628.000000,402353
2020-04-21,178500.000000,179000.000000,173000.000000,176500.000000,173676.000000,387624
2020-04-22,171500.000000,176500.000000,169000.000000,176500.000000,173676.000000,425251
2020-04-23,175500.000000,180000.000000,175000.000000,177000.000000,174168.000000,278640
2020-04-24,175500.000000,175500.000000,167500.000000,169000.000000,166296.000000,440277
2020-04-27,168000.000000,169500.000000,167000.000000,167500.000000,164820.000000,401696
2020-04-28,167000.000000,169500.000000,166000.000000,167500.000000,164820.000000,351935
2020-04-29,168500.000000,172000.000000,167500.000000,172000.000000,169248.000000,330932
2020-05-04,168500.000000,172000.000000,167000.000000,169500.000000,166788.000000,393505
2020-05-06,171000.000000,173000.000000,169500.000000,173000.000000,170232.000000,284330
2020-05-07,170500.000000,172000.000000,169500.000000,170000.000000,167280.000000,260282
2020-05-08,171500.000000,177500.000000,171500.000000,176000.000000,173184.000000,359076
2020-05-11,175000.000000,178500.000000,172000.000000,172500.000000,169740.000000,441460
2020-05-12,172000.000000,172500.000000,168500.000000,170000.000000,167280.000000,260081
2020-05-13,167000.000000,170500.000000,167000.000000,170500.000000,167772.000000,231167
2020-05-14,170000.000000,170000.000000,168000.000000,169500.000000,166788.000000,291779
2020-05-15,171000.000000,172500.000000,169000.000000,172500.000000,169740.000000,211529
2020-05-18,174500.000000,174500.000000,170000.000000,173000.000000,170232.000000,224848
2020-05-19,179000.000000,187000.000000,178000.000000,186500.000000,183516.000000,632454
2020-05-20,184000.000000,187000.000000,182000.000000,185000.000000,182040.000000,251354
2020-05-21,187500.000000,189500.000000,185000.000000,187000.000000,184008.000000,288325
2020-05-22,188000.000000,188500.000000,182500.000000,184000.000000,181056.000000,255149
2020-05-25,187000.000000,187000.000000,181500.000000,186500.000000,183516.000000,166801
2020-05-26,188500.000000,196500.000000,187500.000000,195000.000000,191880.000000,353343
2020-05-27,193500.000000,196000.000000,192000.000000,193000.000000,189912.000000,285130
2020-05-28,193000.000000,193500.000000,190000.000000,190500.000000,187452.000000,287260
2020-05-29,190500.000000,200500.000000,188500.000000,198000.000000,194832.000000,389868
2020-06-01,196000.000000,206500.000000,196000.000000,206000.000000,202704.000000,260640
2020-06-02,203000.000000,219000.000000,202500.000000,214000.000000,210576.000000,430198
2020-06-03,218500.000000,230000.000000,217000.000000,224000.000000,220416.000000,515118
2020-06-04,225000.000000,229500.000000,217000.000000,217500.000000,214020.000000,408294
2020-06-05,215000.000000,221000.000000,213000.000000,219000.000000,215496.000000,287283
2020-06-08,225000.000000,225500.000000,216500.000000,217500.000000,214020.000000,285589
2020-06-09,216500.000000,221000.000000,212500.000000,214500.000000,211068.000000,244881
2020-06-10,212000.000000,213000.000000,209000.000000,211000.000000,207624.000000,338548
2020-06-11,208500.000000,211000.000000,203500.000000,206000.000000,202704.000000,624141
2020-06-12,193500.000000,206000.000000,193000.000000,206000.000000,202704.000000,440380
2020-06-15,198500.000000,199500.000000,187000.000000,187000.000000,184008.000000,594810
2020-06-16,190000.000000,196500.000000,190000.000000,195000.000000,191880.000000,322656
2020-06-17,193000.000000,194000.000000,188500.000000,190000.000000,186960.000000,316584
2020-06-18,187500.000000,193000.000000,185500.000000,188000.000000,184992.000000,282466
2020-06-19,190000.000000,191500.000000,185500.000000,185500.000000,182532.000000,319737
2020-06-22,185000.000000,187000.000000,183500.000000,184000.000000,181056.000000,204828
2020-06-23,187000.000000,196000.000000,186500.000000,193000.000000,189912.000000,579311
2020-06-24,195500.000000,212500.000000,195500.000000,205000.000000,201720.000000,734730
2020-06-25,200500.000000,202500.000000,194000.000000,194000.000000,190896.000000,392726
2020-06-26,197000.000000,201000.000000,196500.000000,198500.000000,195324.000000,295836
2020-06-29,193000.000000,195000.000000,191500.000000,192000.000000,188928.000000,212889
2020-06-30,195000.000000,197500.000000,192000.000000,192000.000000,188928.000000,253317
2020-07-01,194500.000000,198000.000000,193000.000000,194000.000000,190896.000000,173150
2020-07-02,192000.000000,196000.000000,192000.000000,194500.000000,191388.000000,253093
2020-07-03,196000.000000,199500.000000,194500.000000,195500.000000,192372.000000,165056
2020-07-06,197000.000000,206000.000000,194500.000000,204500.000000,201228.000000,336074
2020-07-07,205500.000000,206000.000000,199000.000000,201000.000000,197784.000000,352141
2020-07-08,200000.000000,203500.000000,199000.000000,199000.000000,195816.000000,271449
2020-07-09,201000.000000,201000.000000,197500.000000,197500.000000,194340.000000,299020
2020-07-10,195500.000000,196500.000000,191000.000000,192500.000000,189420.000000,280706
2020-07-13,194500.000000,205500.000000,193500.000000,204500.000000,201228.000000,416475
2020-07-14,203500.000000,211500.000000,200000.000000,210000.000000,206640.000000,549007
2020-07-15,213500.000000,223000.000000,213000.000000,215500.000000,212052.000000,815163
2020-07-16,216500.000000,220000.000000,213000.000000,213000.000000,209592.000000,402205
2020-07-17,213000.000000,221000.000000,212500.000000,220500.000000,216972.000000,436200
2020-07-20,222000.000000,227500.000000,219000.000000,224000.000000,220416.000000,434885
2020-07-21,221500.000000,224000.000000,216000.000000,217000.000000,213528.000000,558469
2020-07-22,217000.000000,219500.000000,211000.000000,211000.000000,207624.000000,386754
2020-07-23,209500.000000,214000.000000,206500.000000,211500.000000,208116.000000,511415
2020-07-24,207000.000000,214000.000000,203500.000000,203500.000000,200244.000000,566590
2020-07-27,203500.000000,210000.000000,202000.000000,203500.000000,200244.000000,394211
2020-07-28,204500.000000,206000.000000,202500.000000,204000.000000,200736.000000,333839
2020-07-29,202000.000000,212000.000000,200500.000000,212000.000000,208608.000000,557688
2020-07-30,212500.000000,217500.000000,212000.000000,213000.000000,209592.000000,399720
2020-07-31,211500.000000,213000.000000,205000.000000,205500.000000,202212.000000,386250
2020-08-03,208000.000000,208500.000000,203000.000000,206000.000000,202704.000000,292704
2020-08-04,206500.000000,212000.000000,206500.000000,208000.000000,204672.000000,371368
2020-08-05,207000.000000,213000.000000,206000.000000,212500.000000,209100.000000,435388
2020-08-06,213000.000000,223500.000000,212500.000000,222500.000000,218940.000000,831406
2020-08-07,222500.000000,227500.000000,216000.000000,223500.000000,219924.000000,635205
2020-08-10,226500.000000,245000.000000,226000.000000,238000.000000,234192.000000,1265411
2020-08-11,239000.000000,241000.000000,230000.000000,239000.000000,235176.000000,626321
2020-08-12,232500.000000,235500.000000,227500.000000,229500.000000,225828.000000,604103
2020-08-13,231500.000000,240000.000000,225000.000000,228000.000000,224352.000000,983401
2020-08-14,228500.000000,230000.000000,218500.000000,224000.000000,220416.000000,462365
2020-08-18,220000.000000,224500.000000,213000.000000,214500.000000,211068.000000,535693
2020-08-19,214000.000000,218000.000000,213500.000000,217000.000000,213528.000000,369044
2020-08-20,213000.000000,215000.000000,203500.000000,204500.000000,201228.000000,519337
2020-08-21,210000.000000,214000.000000,205000.000000,211000.000000,207624.000000,392349
2020-08-24,212500.000000,218000.000000,208500.000000,217000.000000,213528.000000,295989
2020-08-25,221000.000000,226000.000000,219000.000000,219500.000000,215988.000000,377235
2020-08-26,220000.000000,224000.000000,216000.000000,223500.000000,219924.000000,345505
2020-08-27,224500.000000,225000.000000,217000.000000,217000.000000,213528.000000,322599
2020-08-28,217500.000000,230000.000000,217500.000000,226000.000000,222384.000000,778178
2020-08-31,232500.000000,236000.000000,224000.000000,224000.000000,220416.000000,805029
2020-09-01,225000.000000,241000.000000,225000.000000,238500.000000,234684.000000,915042
2020-09-02,239000.000000,240500.000000,232500.000000,235500.000000,231732.000000,564954
2020-09-03,238000.000000,238000.000000,232000.000000,233500.000000,229764.000000,425972
2020-09-04,224000.000000,231000.000000,224000.000000,230000.000000,226320.000000,442319
2020-09-07,228000.000000,228500.000000,224500.000000,225500.000000,221892.000000,272841
2020-09-08,227500.000000,231000.000000,224000.000000,225500.000000,221892.000000,279719
2020-09-09,223000.000000,227500.000000,222000.000000,223500.000000,219924.000000,260718
2020-09-10,225500.000000,226000.000000,223500.000000,224000.000000,220416.000000,335130
2020-09-11,221500.000000,226500.000000,221000.000000,226000.000000,222384.000000,236329
2020-09-14,227000.000000,235000.000000,227000.000000,232500.000000,228780.000000,417530
2020-09-15,235000.000000,235500.000000,231500.000000,234000.000000,230256.000000,306934
2020-09-16,233000.000000,242500.000000,231000.000000,242500.000000,238620.000000,658710
2020-09-17,242500.000000,247000.000000,240500.000000,242000.000000,238128.000000,592993
2020-09-18,241000.000000,242000.000000,235000.000000,240000.000000,236160.000000,465237
2020-09-21,241000.000000,247500.000000,239500.000000,242500.000000,238620.000000,425049
2020-09-22,241500.000000,242000.000000,232500.000000,234000.000000,230256.000000,408883
2020-09-23,235500.000000,235500.000000,223500.000000,228000.000000,224352.000000,411626
2020-09-24,223500.000000,224000.000000,219500.000000,221000.000000,217464.000000,481274
2020-09-25,224000.000000,228500.000000,219500.000000,222000.000000,218448.000000,340801
2020-09-28,225500.000000,227500.000000,223500.000000,225000.000000,221400.000000,197119
2020-09-29,229500.000000,230500.000000,226000.000000,230000.000000,226320.000000,421193
2020-10-05,229500.000000,238000.000000,229500.000000,236000.000000,232224.000000,471265
2020-10-06,236500.000000,237500.000000,233000.000000,233500.000000,229764.000000,309606
2020-10-07,230000.000000,235500.000000,228500.000000,235000.000000,231240.000000,257835
2020-10-08,235500.000000,237000.000000,228000.000000,229000.000000,225336.000000,499234
2020-10-12,226000.000000,230000.000000,225000.000000,227000.000000,223368.000000,343564
2020-10-13,228000.000000,237000.000000,227000.000000,235500.000000,231732.000000,433346
2020-10-14,236000.000000,240000.000000,231000.000000,231500.000000,227796.000000,402918
2020-10-15,229500.000000,237500.000000,228500.000000,234500.000000,230748.000000,602103
2020-10-16,234000.000000,235000.000000,229000.000000,229000.000000,225336.000000,446765
2020-10-19,230000.000000,232000.000000,221500.000000,222500.000000,218940.000000,524241
2020-10-20,216000.000000,237500.000000,214000.000000,237500.000000,233700.000000,1301084
2020-10-21,236500.000000,236500.000000,228500.000000,231500.000000,227796.000000,476527
2020-10-22,228000.000000,234500.000000,226000.000000,234000.000000,230256.000000,372056
2020-10-23,233500.000000,237000.000000,231500.000000,234500.000000,230748.000000,372397
2020-10-26,233500.000000,247000.000000,231500.000000,243500.000000,239604.000000,788372
2020-10-27,242000.000000,254000.000000,241500.000000,244500.000000,240588.000000,796662
2020-10-28,241500.000000,255000.000000,237000.000000,252500.000000,248460.000000,487858
2020-10-29,246500.000000,247000.000000,237000.000000,238000.000000,234192.000000,696270
2020-10-30,235500.000000,236000.000000,223500.000000,225500.000000,221892.000000,888786
2020-11-02,227000.000000,231500.000000,225500.000000,226500.000000,222876.000000,428586
2020-11-03,228000.000000,229000.000000,224500.000000,226000.000000,222384.000000,453788
2020-11-04,229000.000000,233000.000000,225000.000000,226500.000000,222876.000000,481871
2020-11-05,229500.000000,233500.000000,227500.000000,233000.000000,229272.000000,381030
2020-11-06,233500.000000,236500.000000,229000.000000,229500.000000,225828.000000,428049
2020-11-09,232000.000000,236500.000000,231500.000000,232500.000000,228780.000000,332444
2020-11-10,236000.000000,243000.000000,233000.000000,241000.000000,237144.000000,544843
2020-11-11,239500.000000,246000.000000,239500.000000,243000.000000,239112.000000,423677
2020-11-12,242000.000000,242500.000000,238500.000000,239500.000000,235668.000000,484809
2020-11-13,239500.000000,242000.000000,235500.000000,240000.000000,236160.000000,449637
2020-11-16,242500.000000,245500.000000,240000.000000,245000.000000,241080.000000,393851
2020-11-17,241500.000000,248500.000000,240000.000000,242500.000000,238620.000000,379403
2020-11-18,241500.000000,245000.000000,240000.000000,245000.000000,241080.000000,373564
2020-11-19,243500.000000,244500.000000,240500.000000,243000.000000,239112.000000,306874
2020-11-20,241000.000000,243500.000000,238000.000000,240500.000000,236652.000000,302075
2020-11-23,239500.000000,248000.000000,238500.000000,247500.000000,243540.000000,409071
2020-11-24,248500.000000,249500.000000,243500.000000,246500.000000,242556.000000,342235
2020-11-25,248000.000000,252000.000000,244500.000000,247500.000000,243540.000000,420753
2020-11-26,245000.000000,247500.000000,242500.000000,245500.000000,241572.000000,321082
2020-11-27,243500.000000,249000.000000,243500.000000,248500.000000,244524.000000,316778
2020-11-30,247500.000000,252000.000000,244000.000000,244000.000000,240096.000000,644162
2020-12-01,247500.000000,248000.000000,241500.000000,242500.000000,238620.000000,407207
2020-12-02,242500.000000,243500.000000,239000.000000,240500.000000,236652.000000,489035
2020-12-03,240000.000000,245500.000000,238500.000000,245500.000000,241572.000000,521119
2020-12-04,247500.000000,249000.000000,244500.000000,246500.000000,242556.000000,452558
2020-12-07,247000.000000,247000.000000,241000.000000,242500.000000,238620.000000,327885
2020-12-08,243000.000000,244500.000000,240000.000000,242000.000000,238128.000000,303416
2020-12-09,241000.000000,245000.000000,240500.000000,241500.000000,237636.000000,352182
2020-12-10,241500.000000,245500.000000,239000.000000,243500.000000,239604.000000,580464
2020-12-11,246000.000000,246000.000000,242000.000000,243000.000000,239112.000000,344237
2020-12-14,245000.000000,262000.000000,243000.000000,258000.000000,253872.000000,1235681
2020-12-15,260000.000000,263000.000000,255000.000000,259000.000000,254856.000000,572032
2020-12-16,261500.000000,261500.000000,253000.000000,255000.000000,250920.000000,427858
2020-12-17,254000.000000,254000.000000,248500.000000,249000.000000,245016.000000,451424
2020-12-18,250500.000000,252000.000000,248500.000000,250000.000000,246000.000000,239415
2020-12-21,250000.000000,250500.000000,245500.000000,249000.000000,245016.000000,237998
2020-12-22,247500.000000,248500.000000,244000.000000,244000.000000,240096.000000,243658
2020-12-23,245000.000000,253000.000000,244000.000000,251000.000000,246984.000000,360412
2020-12-24,252000.000000,254000.000000,248500.000000,251000.000000,246984.000000,286108
2020-12-28,250500.000000,252500.000000,248500.000000,250000.000000,246000.000000,331309
2020-12-29,252000.000000,252000.000000,247000.000000,251000.000000,251000.000000,320314
2020-12-30,252000.000000,261000.000000,251000.000000,255500.000000,255500.000000,470909
2021-01-04,260500.000000,308500.000000,260000.000000,287000.000000,287000.000000,1811364
2021-01-05,287000.000000,295500.000000,284000.000000,291000.000000,291000.000000,768375
2021-01-06,288500.000000,295000.000000,282000.000000,283500.000000,283500.000000,691832
2021-01-07,286000.000000,314500.000000,285500.000000,304500.000000,304500.000000,1402113
2021-01-08,358500.000000,395500.000000,332000.000000,359500.000000,359500.000000,5326204
2021-01-11,368500.000000,405000.000000,345000.000000,352500.000000,352500.000000,3173553
2021-01-12,344000.000000,349000.000000,324500.000000,332000.000000,332000.000000,1874045
2021-01-13,329500.000000,346500.000000,321500.000000,339500.000000,339500.000000,1385910
2021-01-14,328500.000000,334500.000000,324500.000000,327000.000000,327000.000000,977707
2021-01-15,330000.000000,334000.000000,320500.000000,321500.000000,321500.000000,766017
2021-01-18,318000.000000,331000.000000,316500.000000,323500.000000,323500.000000,817889
2021-01-19,328000.000000,345000.000000,328000.000000,345000.000000,345000.000000,1090041
2021-01-20,365000.000000,365500.000000,338000.000000,342000.000000,342000.000000,1288158
2021-01-21,345000.000000,368000.000000,340000.000000,361000.000000,361000.000000,1347421
2021-01-22,357500.000000,364500.000000,350000.000000,350000.000000,350000.000000,765256
2021-01-25,343000.000000,352000.000000,339500.000000,347500.000000,347500.000000,1085560
2021-01-26,350500.000000,355000.000000,336500.000000,338000.000000,338000.000000,913545
2021-01-27,338000.000000,341000.000000,328500.000000,328500.000000,328500.000000,890561
2021-01-28,319000.000000,335000.000000,318000.000000,331000.000000,331000.000000,775863
2021-01-29,335000.000000,337000.000000,316000.000000,317500.000000,317500.000000,905941
2021-02-01,314500.000000,336000.000000,314500.000000,335500.000000,335500.000000,664246